"id","entity","code","year_1","current_health_expenditure_per_capita_ppp_current_international","gdp_per_capita_ppp_current_international_$","population_historical_estimates","id-2","entity-2","code-2","year_2","life_expectancy_at_birth_total_years","health_expenditure_and_financing_per_capita_oecdstat_2017","population_historical_estimates-2","id-3","entity-3","code-3","year_3","indicator_current_health_expenditure_che_as_percentage_of_gross","id-4","entity-4","code-4","share_of_population_covered_by_health_insurance_ilo_2014"
2934,"Australia","AUS",2000,2155.341552734375,26343.076171875,18991434,2974,"Australia","AUS",2000,79.23414611816406,2767.6725,18991434,197,"Australia","AUS",2000,7.61,8,"Australia","AUS",100
2935,"Australia","AUS",2001,2279.328369140625,27439.828125,19194676,2975,"Australia","AUS",2001,79.63414764404297,2872.3738,19194676,198,"Australia","AUS",2001,7.7,8,"Australia","AUS",100
2936,"Australia","AUS",2002,2438.21826171875,28768.728515625,19401366,2976,"Australia","AUS",2002,79.93658447265625,2999.5093,19401366,199,"Australia","AUS",2002,7.89,8,"Australia","AUS",100
2937,"Australia","AUS",2003,2561.60107421875,29807.41015625,19624163,2977,"Australia","AUS",2003,80.23902130126953,3090.6573,19624163,200,"Australia","AUS",2003,7.9,8,"Australia","AUS",100
2938,"Australia","AUS",2004,2753.6796875,31407.4609375,19879654,2978,"Australia","AUS",2004,80.49024200439453,3240.3186,19879654,201,"Australia","AUS",2004,8.11,8,"Australia","AUS",100
2939,"Australia","AUS",2005,2841.891357421875,32653.40234375,20178543,2979,"Australia","AUS",2005,80.84146118164062,3242.9106,20178543,202,"Australia","AUS",2005,7.99,8,"Australia","AUS",100
2940,"Australia","AUS",2006,3012.346923828125,34369.62109375,20526300,2980,"Australia","AUS",2006,81.04146575927734,3323.2565,20526300,203,"Australia","AUS",2006,7.99,8,"Australia","AUS",100
2941,"Australia","AUS",2007,3180.87744140625,36599.8515625,20916339,2981,"Australia","AUS",2007,81.29268646240234,3415.193,20916339,204,"Australia","AUS",2007,8.07,8,"Australia","AUS",100
2942,"Australia","AUS",2008,3297.279052734375,37499.5234375,21332293,2982,"Australia","AUS",2008,81.3951187133789,3494.4375,21332293,205,"Australia","AUS",2008,8.26,8,"Australia","AUS",100
2943,"Australia","AUS",2009,3553.792236328125,40281.80078125,21750852,2983,"Australia","AUS",2009,81.54389953613281,3629.7041,21750852,206,"Australia","AUS",2009,8.56,8,"Australia","AUS",100
2944,"Australia","AUS",2010,3587.3037109375,39336.6640625,22154687,2984,"Australia","AUS",2010,81.69512176513672,3607.3407,22154687,207,"Australia","AUS",2010,8.43,8,"Australia","AUS",100
2945,"Australia","AUS",2011,3760.759765625,42003.15625,22538002,2985,"Australia","AUS",2011,81.8951187133789,3738.1767,22538002,208,"Australia","AUS",2011,8.54,8,"Australia","AUS",100
2946,"Australia","AUS",2012,3778.4736328125,42836.671875,22903951,2986,"Australia","AUS",2012,82.04634094238281,3831.3635,22903951,209,"Australia","AUS",2012,8.68,8,"Australia","AUS",100
2947,"Australia","AUS",2013,4161.6201171875,45906.44140625,23254912,2987,"Australia","AUS",2013,82.1487808227539,3901.7343,23254912,210,"Australia","AUS",2013,8.76,8,"Australia","AUS",100
2948,"Australia","AUS",2014,4283.14208984375,46880.89453125,23596426,2988,"Australia","AUS",2014,82.30000305175781,4009.8881,23596426,211,"Australia","AUS",2014,9.04,8,"Australia","AUS",100
2949,"Australia","AUS",2015,4392.07421875,46248.6171875,23932499,2989,"Australia","AUS",2015,82.4000015258789,4164.2213,23932499,212,"Australia","AUS",2015,9.33,8,"Australia","AUS",100
3193,"Austria","AUT",2000,2708.029541015625,29376.01953125,8069276,3233,"Austria","AUT",2000,78.1268310546875,3472.7366,8069276,217,"Austria","AUT",2000,9.2,9,"Austria","AUT",99.3
3194,"Austria","AUT",2001,2761.801025390625,29702.796875,8097755,3234,"Austria","AUT",2001,78.57560729980469,3531.3159,8097755,218,"Austria","AUT",2001,9.27,9,"Austria","AUT",99.3
3195,"Austria","AUT",2002,2935.818603515625,31178.693359375,8134403,3235,"Austria","AUT",2002,78.67804718017578,3620.3297,8134403,219,"Austria","AUT",2002,9.39,9,"Austria","AUT",99.3
3196,"Austria","AUT",2003,3073.730712890625,32144.2421875,8175855,3236,"Austria","AUT",2003,78.63170623779297,3695.6138,8175855,220,"Austria","AUT",2003,9.55,9,"Austria","AUT",99.3
3197,"Austria","AUT",2004,3288.346435546875,33773.82421875,8216809,3237,"Austria","AUT",2004,79.18048858642578,3797.4718,8216809,221,"Austria","AUT",2004,9.71,9,"Austria","AUT",99.3
3198,"Austria","AUT",2005,3381.659912109375,35013.71484375,8253656,3238,"Austria","AUT",2005,79.33171081542969,3826.3191,8253656,222,"Austria","AUT",2005,9.63,9,"Austria","AUT",99.3
3199,"Austria","AUT",2006,3591.060302734375,37662.18359375,8285344,3239,"Austria","AUT",2006,79.88048553466797,3893.9178,8285344,223,"Austria","AUT",2006,9.53,9,"Austria","AUT",99.3
3200,"Austria","AUT",2007,3759.6728515625,39430.609375,8313731,3240,"Austria","AUT",2007,80.18048858642578,4020.3699,8313731,224,"Austria","AUT",2007,9.53,9,"Austria","AUT",99.3
3201,"Austria","AUT",2008,4024.802490234375,41316.2265625,8341525,3241,"Austria","AUT",2008,80.43170928955078,4136.9982,8341525,225,"Austria","AUT",2008,9.73,9,"Austria","AUT",99.3
3202,"Austria","AUT",2009,4191.47314453125,40918.1328125,8372657,3242,"Austria","AUT",2009,80.33171081542969,4178.429,8372657,226,"Austria","AUT",2009,10.23,9,"Austria","AUT",99.3
3203,"Austria","AUT",2010,4303.11962890625,42009.4375,8409945,3243,"Austria","AUT",2010,80.58049011230469,4236.3164,8409945,227,"Austria","AUT",2010,10.22,9,"Austria","AUT",99.3
3204,"Austria","AUT",2011,4465.6591796875,44452.734375,8453501,3244,"Austria","AUT",2011,80.98292541503906,4253.5175,8453501,228,"Austria","AUT",2011,10.03,9,"Austria","AUT",99.3
3205,"Austria","AUT",2012,4750.58154296875,46457.34765625,8502230,3245,"Austria","AUT",2012,80.93658447265625,4362.1556,8502230,229,"Austria","AUT",2012,10.2,9,"Austria","AUT",99.3
3206,"Austria","AUT",2013,4945.44970703125,47922.05078125,8556191,3246,"Austria","AUT",2013,81.13658905029297,4352.5783,8556191,230,"Austria","AUT",2013,10.29,9,"Austria","AUT",99.3
3207,"Austria","AUT",2014,5082.537109375,48799.71484375,8615205,3247,"Austria","AUT",2014,81.49024200439453,4390.1259,8615205,231,"Austria","AUT",2014,10.37,9,"Austria","AUT",99.3
3208,"Austria","AUT",2015,5204.6220703125,49865.90234375,8678667,3248,"Austria","AUT",2015,81.19024658203125,4451.1826,8678667,232,"Austria","AUT",2015,10.37,9,"Austria","AUT",99.3
5000,"Belgium","BEL",2000,2226.144287109375,27784.572265625,10282046,5040,"Belgium","BEL",2000,77.72195434570312,2826.9874,10282046,357,"Belgium","BEL",2000,8,16,"Belgium","BEL",99
5001,"Belgium","BEL",2001,2352.505615234375,28788.0625,10319026,5041,"Belgium","BEL",2001,77.9731674194336,2898.5499,10319026,358,"Belgium","BEL",2001,8.15,16,"Belgium","BEL",99
5002,"Belgium","BEL",2002,2524.57861328125,30282.2890625,10364879,5042,"Belgium","BEL",2002,78.07560729980469,2994.2747,10364879,359,"Belgium","BEL",2002,8.32,16,"Belgium","BEL",99
5003,"Belgium","BEL",2003,2851.01123046875,30932.8515625,10419029,5043,"Belgium","BEL",2003,78.12926483154297,3305.4234,10419029,360,"Belgium","BEL",2003,9.21,16,"Belgium","BEL",99
5004,"Belgium","BEL",2004,3008.062255859375,32063.080078125,10480118,5044,"Belgium","BEL",2004,78.8780517578125,3418.6101,10480118,361,"Belgium","BEL",2004,9.37,16,"Belgium","BEL",99
5005,"Belgium","BEL",2005,3082.2900390625,33177.890625,10546885,5045,"Belgium","BEL",2005,78.98048400878906,3442.567,10546885,362,"Belgium","BEL",2005,9.26,16,"Belgium","BEL",99
5006,"Belgium","BEL",2006,3237.007080078125,35259.1875,10619484,5046,"Belgium","BEL",2006,79.38048553466797,3469.8104,10619484,363,"Belgium","BEL",2006,9.16,16,"Belgium","BEL",99
5007,"Belgium","BEL",2007,3381.33056640625,36791.19921875,10697576,5047,"Belgium","BEL",2007,79.78292846679688,3577.1295,10697576,364,"Belgium","BEL",2007,9.17,16,"Belgium","BEL",99
5008,"Belgium","BEL",2008,3662.91552734375,37883.33203125,10778764,5048,"Belgium","BEL",2008,79.68048858642578,3725.1113,10778764,365,"Belgium","BEL",2008,9.63,16,"Belgium","BEL",99
5009,"Belgium","BEL",2009,3927.46484375,37749.5078125,10859934,5049,"Belgium","BEL",2009,80.03414916992188,3900.7277,10859934,366,"Belgium","BEL",2009,10.35,16,"Belgium","BEL",99
5010,"Belgium","BEL",2010,4101.00341796875,39840.08984375,10938735,5050,"Belgium","BEL",2010,80.18292999267578,3901.9126,10938735,367,"Belgium","BEL",2010,10.23,16,"Belgium","BEL",99
5011,"Belgium","BEL",2011,4269.31884765625,40942.37109375,11013860,5051,"Belgium","BEL",2011,80.58536529541016,3986.078,11013860,368,"Belgium","BEL",2011,10.39,16,"Belgium","BEL",99
5012,"Belgium","BEL",2012,4455.73486328125,42290.76171875,11085355,5052,"Belgium","BEL",2012,80.38536834716797,4006.2239,11085355,369,"Belgium","BEL",2012,10.51,16,"Belgium","BEL",99
5013,"Belgium","BEL",2013,4621.13037109375,43671.12109375,11154008,5053,"Belgium","BEL",2013,80.58780670166016,4062.795,11154008,370,"Belgium","BEL",2013,10.56,16,"Belgium","BEL",99
5014,"Belgium","BEL",2014,4771.91357421875,44929.6875,11221225,5054,"Belgium","BEL",2014,81.28780364990234,4097.5951,11221225,371,"Belgium","BEL",2014,10.59,16,"Belgium","BEL",99
5015,"Belgium","BEL",2015,4834.89013671875,46200.90625,11287931,5055,"Belgium","BEL",2015,80.99268341064453,4120.0479,11287931,372,"Belgium","BEL",2015,10.43,16,"Belgium","BEL",99
8844,"Canada","CAN",2000,2429.605712890625,29362.083984375,30588379,8884,"Canada","CAN",2000,79.13658905029297,3058.155,30588379,637,"Canada","CAN",2000,8.25,29,"Canada","CAN",100
8845,"Canada","CAN",2001,2617.796630859375,30230.802734375,30880072,8885,"Canada","CAN",2001,79.33902740478516,3219.9298,30880072,638,"Canada","CAN",2001,8.62,29,"Canada","CAN",100
8846,"Canada","CAN",2002,2758.2978515625,30963.052734375,31178260,8886,"Canada","CAN",2002,79.49024200439453,3369.4221,31178260,639,"Canada","CAN",2002,8.86,29,"Canada","CAN",100
8847,"Canada","CAN",2003,2927.970947265625,32349.943359375,31488046,8887,"Canada","CAN",2003,79.74146270751953,3458.5634,31488046,640,"Canada","CAN",2003,9.01,29,"Canada","CAN",100
8848,"Canada","CAN",2004,3086.5654296875,33925.70703125,31815490,8888,"Canada","CAN",2004,79.89268493652344,3553.4721,31815490,641,"Canada","CAN",2004,9.07,29,"Canada","CAN",100
8849,"Canada","CAN",2005,3290.419677734375,36327.23046875,32164313,8889,"Canada","CAN",2005,80.19268035888672,3619.4946,32164313,642,"Canada","CAN",2005,9.04,29,"Canada","CAN",100
8850,"Canada","CAN",2006,3563.675048828125,38119.4140625,32536994,8890,"Canada","CAN",2006,80.34390258789062,3745.9104,32536994,643,"Canada","CAN",2006,9.34,29,"Canada","CAN",100
8851,"Canada","CAN",2007,3731.27978515625,39575.30859375,32930795,8891,"Canada","CAN",2007,80.54389953613281,3823.2951,32930795,644,"Canada","CAN",2007,9.45,29,"Canada","CAN",100
8852,"Canada","CAN",2008,3868.458984375,40376.30859375,33337638,8892,"Canada","CAN",2008,80.69512176513672,3888.0876,33337638,645,"Canada","CAN",2008,9.61,29,"Canada","CAN",100
8853,"Canada","CAN",2009,4153.828125,38865.4140625,33746093,8893,"Canada","CAN",2009,80.99512481689453,4168.1453,33746093,646,"Canada","CAN",2009,10.72,29,"Canada","CAN",100
8854,"Canada","CAN",2010,4272.62841796875,40099.44921875,34147566,8894,"Canada","CAN",2010,81.246337890625,4242.3395,34147566,647,"Canada","CAN",2010,10.7,29,"Canada","CAN",100
8855,"Canada","CAN",2011,4308.4833984375,41666.70703125,34539156,8895,"Canada","CAN",2011,81.44878387451172,4197.4339,34539156,648,"Canada","CAN",2011,10.4,29,"Canada","CAN",100
8856,"Canada","CAN",2012,4416.80908203125,42290.96484375,34922031,8896,"Canada","CAN",2012,81.6487808227539,4217.7065,34922031,649,"Canada","CAN",2012,10.51,29,"Canada","CAN",100
8857,"Canada","CAN",2013,4581.4375,44298.578125,35296535,8897,"Canada","CAN",2013,81.748779296875,4227.6444,35296535,650,"Canada","CAN",2013,10.41,29,"Canada","CAN",100
8858,"Canada","CAN",2014,4659.25244140625,45753.75,35664338,8898,"Canada","CAN",2014,81.80000305175781,4203.8243,35664338,651,"Canada","CAN",2014,10.25,29,"Canada","CAN",100
8859,"Canada","CAN",2015,4751.443359375,44670.08203125,36026668,8899,"Canada","CAN",2015,81.9000015258789,4288.992,36026668,652,"Canada","CAN",2015,10.73,29,"Canada","CAN",100
9998,"Chile","CHL",2000,672.1102905273438,9538.0751953125,15342350,10038,"Chile","CHL",2000,76.36599731445312,672.0826,15342350,717,"Chile","CHL",2000,7.04,31,"Chile","CHL",93.1
9999,"Chile","CHL",2001,713.1483764648438,9962.2744140625,15516112,10039,"Chile","CHL",2001,76.63400268554688,702.5606,15516112,718,"Chile","CHL",2001,7.15,31,"Chile","CHL",93.1
10000,"Chile","CHL",2002,750.8028564453125,10319.9453125,15684413,10040,"Chile","CHL",2002,76.89399719238281,723.3348,15684413,719,"Chile","CHL",2002,7.27,31,"Chile","CHL",93.1
10001,"Chile","CHL",2003,795.0272216796875,10839.9599609375,15849649,10041,"Chile","CHL",2003,77.14600372314453,847.996,15849649,720,"Chile","CHL",2003,7.33,31,"Chile","CHL",93.1
10002,"Chile","CHL",2004,815.2077026367188,11810.2431640625,16014972,10042,"Chile","CHL",2004,77.39099884033203,900.6741,16014972,721,"Chile","CHL",2004,6.9,31,"Chile","CHL",93.1
10003,"Chile","CHL",2005,839.8360595703125,12746.58984375,16182713,10043,"Chile","CHL",2005,77.62999725341797,945.5478,16182713,722,"Chile","CHL",2005,6.59,31,"Chile","CHL",93.1
10004,"Chile","CHL",2006,950.7780151367188,15753.9599609375,16354507,10044,"Chile","CHL",2006,77.86499786376953,986.7056,16354507,723,"Chile","CHL",2006,6.04,31,"Chile","CHL",93.1
10005,"Chile","CHL",2007,1046.221923828125,16941.830078125,16530201,10045,"Chile","CHL",2007,78.0989990234375,1053.6318,16530201,724,"Chile","CHL",2007,6.18,31,"Chile","CHL",93.1
10006,"Chile","CHL",2008,1112.3009033203125,16501.810546875,16708255,10046,"Chile","CHL",2008,78.33000183105469,1084.6686,16708255,725,"Chile","CHL",2008,6.74,31,"Chile","CHL",93.1
10007,"Chile","CHL",2009,1164.975830078125,16159.607421875,16886184,10047,"Chile","CHL",2009,78.55799865722656,1153.454,16886184,726,"Chile","CHL",2009,7.21,31,"Chile","CHL",93.1
10008,"Chile","CHL",2010,1230.4427490234375,18161.80859375,17062531,10048,"Chile","CHL",2010,78.77899932861328,1219.6509,17062531,727,"Chile","CHL",2010,6.77,31,"Chile","CHL",93.1
10009,"Chile","CHL",2011,1377.555908203125,20342.560546875,17233584,10049,"Chile","CHL",2011,78.98600006103516,1279.5465,17233584,728,"Chile","CHL",2011,6.77,31,"Chile","CHL",93.1
10010,"Chile","CHL",2012,1510.0389404296875,21507.693359375,17400359,10050,"Chile","CHL",2012,79.1760025024414,1355.3914,17400359,729,"Chile","CHL",2012,7.02,31,"Chile","CHL",93.1
10011,"Chile","CHL",2013,1670.5557861328125,22439.2734375,17571511,10051,"Chile","CHL",2013,79.3489990234375,1464.9806,17571511,730,"Chile","CHL",2013,7.44,31,"Chile","CHL",93.1
10012,"Chile","CHL",2014,1779.022216796875,22786.642578125,17758969,10052,"Chile","CHL",2014,79.50399780273438,1562.9226,17758969,731,"Chile","CHL",2014,7.81,31,"Chile","CHL",93.1
10013,"Chile","CHL",2015,1884.5906982421875,22698.544921875,17969356,10053,"Chile","CHL",2015,79.64600372314453,1595.5279,17969356,732,"Chile","CHL",2015,8.3,31,"Chile","CHL",93.1
12715,"Czechia","CZE",2000,923.9169921875,16235.48046875,10289374,12755,"Czechia","CZE",2000,74.96829223632812,1159.6971,10289374,937,"Czechia","CZE",2000,5.7,39,"Czechia","CZE",100
12716,"Czechia","CZE",2001,1032.0035400390625,17621.0546875,10271019,12756,"Czechia","CZE",2001,75.17317199707031,1234.4662,10271019,938,"Czechia","CZE",2001,5.86,39,"Czechia","CZE",100
12717,"Czechia","CZE",2002,1127.055908203125,18252.572265625,10252264,12757,"Czechia","CZE",2002,75.22195434570312,1324.2376,10252264,939,"Czechia","CZE",2002,6.18,39,"Czechia","CZE",100
12718,"Czechia","CZE",2003,1273.54296875,19538.0703125,10239131,12758,"Czechia","CZE",2003,75.17073059082031,1452.0197,10239131,940,"Czechia","CZE",2003,6.52,39,"Czechia","CZE",100
12719,"Czechia","CZE",2004,1328.462646484375,20932.078125,10239444,12759,"Czechia","CZE",2004,75.72195434570312,1481.5625,10239444,941,"Czechia","CZE",2004,6.35,39,"Czechia","CZE",100
12720,"Czechia","CZE",2005,1402.7371826171875,22095.388671875,10258165,12760,"Czechia","CZE",2005,75.92439270019531,1574.6261,10258165,942,"Czechia","CZE",2005,6.34,39,"Czechia","CZE",100
12721,"Czechia","CZE",2006,1474.84521484375,23923.703125,10298609,12761,"Czechia","CZE",2006,76.5243911743164,1628.7237,10298609,943,"Czechia","CZE",2006,6.16,39,"Czechia","CZE",100
12722,"Czechia","CZE",2007,1578.130126953125,26282.375,10357535,12762,"Czechia","CZE",2007,76.7243881225586,1660.1874,10357535,944,"Czechia","CZE",2007,5.99,39,"Czechia","CZE",100
12723,"Czechia","CZE",2008,1777.9051513671875,27974.486328125,10425267,12763,"Czechia","CZE",2008,76.9756088256836,1787.753,10425267,945,"Czechia","CZE",2008,6.33,39,"Czechia","CZE",100
12724,"Czechia","CZE",2009,2017.3658447265625,27761.509765625,10488155,12764,"Czechia","CZE",2009,77.07804870605469,1939.7369,10488155,946,"Czechia","CZE",2009,7.25,39,"Czechia","CZE",100
12725,"Czechia","CZE",2010,1920.693359375,27881.96875,10536514,12765,"Czechia","CZE",2010,77.42439270019531,1879.5815,10536514,947,"Czechia","CZE",2010,6.88,39,"Czechia","CZE",100
12726,"Czechia","CZE",2011,2010.9573974609373,29001.3671875,10566512,12766,"Czechia","CZE",2011,77.8731689453125,1927.1554,10566512,948,"Czechia","CZE",2011,6.93,39,"Czechia","CZE",100
12727,"Czechia","CZE",2012,2042.6046142578125,29254.73046875,10581302,12767,"Czechia","CZE",2012,78.07560729980469,1924.5446,10581302,949,"Czechia","CZE",2012,6.98,39,"Czechia","CZE",100
12728,"Czechia","CZE",2013,2379.507568359375,30818.107421875,10586529,12768,"Czechia","CZE",2013,78.17561340332031,2102.5929,10586529,950,"Czechia","CZE",2013,7.72,39,"Czechia","CZE",100
12729,"Czechia","CZE",2014,2472.175537109375,32502.474609375,10591104,12769,"Czechia","CZE",2014,78.82438659667969,2112.9399,10591104,951,"Czechia","CZE",2014,7.6,39,"Czechia","CZE",100
12730,"Czechia","CZE",2015,2441.335205078125,33899.28515625,10601390,12770,"Czechia","CZE",2015,78.57804870605469,2166.4171,10601390,952,"Czechia","CZE",2015,7.2,39,"Czechia","CZE",100
13234,"Denmark","DNK",2000,2327.7578125,28658.125,5341192,13274,"Denmark","DNK",2000,76.59268188476562,3287.6537,5341192,977,"Denmark","DNK",2000,8.1,41,"Denmark","DNK",100
13235,"Denmark","DNK",2001,2492.4873046875,29437.310546875,5358059,13275,"Denmark","DNK",2001,76.79268646240234,3443.0322,5358059,978,"Denmark","DNK",2001,8.45,41,"Denmark","DNK",100
13236,"Denmark","DNK",2002,2670.2431640625,30640.345703125,5372798,13276,"Denmark","DNK",2002,76.8951187133789,3551.795,5372798,979,"Denmark","DNK",2002,8.7,41,"Denmark","DNK",100
13237,"Denmark","DNK",2003,2744.903564453125,30820.388671875,5386968,13277,"Denmark","DNK",2003,77.14390563964844,3638.1442,5386968,980,"Denmark","DNK",2003,8.9,41,"Denmark","DNK",100
13238,"Denmark","DNK",2004,2968.25244140625,32938.69140625,5402754,13278,"Denmark","DNK",2004,77.49268341064453,3769.889,5402754,981,"Denmark","DNK",2004,9.01,41,"Denmark","DNK",100
13239,"Denmark","DNK",2005,3109.049072265625,34150.16015625,5421701,13279,"Denmark","DNK",2005,77.84390258789062,3883.3181,5421701,982,"Denmark","DNK",2005,9.09,41,"Denmark","DNK",100
13240,"Denmark","DNK",2006,3424.71630859375,37334.390625,5444293,13280,"Denmark","DNK",2006,78.09512329101562,4052.4257,5444293,983,"Denmark","DNK",2006,9.17,41,"Denmark","DNK",100
13241,"Denmark","DNK",2007,3642.547119140625,39006.203125,5469920,13281,"Denmark","DNK",2007,78.19512176513672,4137.2414,5469920,984,"Denmark","DNK",2007,9.33,41,"Denmark","DNK",100
13242,"Denmark","DNK",2008,3938.90771484375,41278.328125,5497731,13282,"Denmark","DNK",2008,78.44634246826172,4175.102,5497731,985,"Denmark","DNK",2008,9.51,41,"Denmark","DNK",100
13243,"Denmark","DNK",2009,4317.37451171875,40331.40625,5526389,13283,"Denmark","DNK",2009,78.59756469726562,4434.2513,5526389,986,"Denmark","DNK",2009,10.67,41,"Denmark","DNK",100
13244,"Denmark","DNK",2010,4457.36865234375,43003.0546875,5554849,13284,"Denmark","DNK",2010,79.0999984741211,4370.3331,5554849,987,"Denmark","DNK",2010,10.33,41,"Denmark","DNK",100
13245,"Denmark","DNK",2011,4516.2978515625,44403.38671875,5582980,13285,"Denmark","DNK",2011,79.80000305175781,4310.9932,5582980,988,"Denmark","DNK",2011,10.15,41,"Denmark","DNK",100
13246,"Denmark","DNK",2012,4597.623046875,44803.96875,5610909,13286,"Denmark","DNK",2012,80.05121612548828,4309.4836,5610909,989,"Denmark","DNK",2012,10.24,41,"Denmark","DNK",100
13247,"Denmark","DNK",2013,4762.361328125,46726.85546875,5638152,13287,"Denmark","DNK",2013,80.30000305175781,4295.5987,5638152,990,"Denmark","DNK",2013,10.17,41,"Denmark","DNK",100
13248,"Denmark","DNK",2014,4886.55126953125,47901.44921875,5664199,13288,"Denmark","DNK",2014,80.69999694824219,4434.1204,5664199,991,"Denmark","DNK",2014,10.17,41,"Denmark","DNK",100
13249,"Denmark","DNK",2015,5037.0126953125,49045.33984375,5688695,13289,"Denmark","DNK",2015,80.70243835449219,4484.5356,5688695,992,"Denmark","DNK",2015,10.23,41,"Denmark","DNK",100
15593,"Estonia","EST",2000,485.224853515625,9421.291015625,1399111,15663,"Estonia","EST",2000,70.41707611083984,751.4352,1399111,1177,"Estonia","EST",2000,5.16,48,"Estonia","EST",92.9
15594,"Estonia","EST",2001,491.6661071777344,10314.2626953125,1391739,15664,"Estonia","EST",2001,70.25853729248047,745.465,1391739,1178,"Estonia","EST",2001,4.78,48,"Estonia","EST",92.9
15595,"Estonia","EST",2002,546.9086303710938,11663.271484375,1382737,15665,"Estonia","EST",2002,70.90487670898438,786.621,1382737,1179,"Estonia","EST",2002,4.7,48,"Estonia","EST",92.9
15596,"Estonia","EST",2003,635.69287109375,13132.5810546875,1372904,15666,"Estonia","EST",2003,71.31707000732422,877.7061,1372904,1180,"Estonia","EST",2003,4.86,48,"Estonia","EST",92.9
15597,"Estonia","EST",2004,741.4725952148438,14536.34765625,1363570,15667,"Estonia","EST",2004,71.90975952148438,978.3881,1363570,1181,"Estonia","EST",2004,5.12,48,"Estonia","EST",92.9
15598,"Estonia","EST",2005,838.3687744140625,16634.892578125,1355650,15668,"Estonia","EST",2005,72.56829071044922,1047.3086,1355650,1182,"Estonia","EST",2005,5.06,48,"Estonia","EST",92.9
15599,"Estonia","EST",2006,917.4087524414062,19345.314453125,1349373,15669,"Estonia","EST",2006,72.69145965576172,1152.9042,1349373,1183,"Estonia","EST",2006,4.77,48,"Estonia","EST",92.9
15600,"Estonia","EST",2007,1102.695556640625,22195.197265625,1344295,15670,"Estonia","EST",2007,72.81463623046875,1275.8281,1344295,1184,"Estonia","EST",2007,4.98,48,"Estonia","EST",92.9
15601,"Estonia","EST",2008,1302.3570556640625,22802.341796875,1340067,15671,"Estonia","EST",2008,73.7707290649414,1373.0364,1340067,1185,"Estonia","EST",2008,5.71,48,"Estonia","EST",92.9
15602,"Estonia","EST",2009,1340.859375,20477.8515625,1336140,15672,"Estonia","EST",2009,74.82438659667969,1342.592,1336140,1186,"Estonia","EST",2009,6.51,48,"Estonia","EST",92.9
15603,"Estonia","EST",2010,1366.209716796875,21619.455078125,1332103,15673,"Estonia","EST",2010,75.42926788330078,1334.1851,1332103,1187,"Estonia","EST",2010,6.27,48,"Estonia","EST",92.9
15604,"Estonia","EST",2011,1426.6728515625,24557.236328125,1327701,15674,"Estonia","EST",2011,76.2292709350586,1324.0841,1327701,1188,"Estonia","EST",2011,5.77,48,"Estonia","EST",92.9
15605,"Estonia","EST",2012,1513.6383056640625,25996.046875,1323163,15675,"Estonia","EST",2012,76.32682800292969,1394.4443,1323163,1189,"Estonia","EST",2012,5.79,48,"Estonia","EST",92.9
15606,"Estonia","EST",2013,1649.725341796875,27464.51953125,1319068,15676,"Estonia","EST",2013,77.14146423339844,1464.5597,1319068,1190,"Estonia","EST",2013,5.98,48,"Estonia","EST",92.9
15607,"Estonia","EST",2014,1769.961669921875,28945.46484375,1316273,15677,"Estonia","EST",2014,77.03414916992188,1550.0278,1316273,1191,"Estonia","EST",2014,6.08,48,"Estonia","EST",92.9
15608,"Estonia","EST",2015,1865.8896484375,29175.92578125,1315330,15678,"Estonia","EST",2015,77.59024047851562,1613.1031,1315330,1192,"Estonia","EST",2015,6.35,48,"Estonia","EST",92.9
17164,"Finland","FIN",2000,1896.23779296875,26784.70703125,5187953,17294,"Finland","FIN",2000,77.46585083007812,2302.7754,5187953,1277,"Finland","FIN",2000,7.09,51,"Finland","FIN",100
17165,"Finland","FIN",2001,2011.475830078125,27795.67578125,5200475,17295,"Finland","FIN",2001,77.96585083007812,2407.5286,5200475,1278,"Finland","FIN",2001,7.25,51,"Finland","FIN",100
17166,"Finland","FIN",2002,2176.56787109375,28605.123046875,5213368,17296,"Finland","FIN",2002,78.11951446533203,2573.9942,5213368,1279,"Finland","FIN",2002,7.63,51,"Finland","FIN",100
17167,"Finland","FIN",2003,2297.5419921875,29051.486328125,5227106,17297,"Finland","FIN",2003,78.36829376220703,2729.7925,5227106,1280,"Finland","FIN",2003,7.94,51,"Finland","FIN",100
17168,"Finland","FIN",2004,2505.795654296875,31201.734375,5242175,17298,"Finland","FIN",2004,78.71463775634766,2873.619,5242175,1281,"Finland","FIN",2004,8.06,51,"Finland","FIN",100
17169,"Finland","FIN",2005,2649.95751953125,32051.794921875,5258933,17299,"Finland","FIN",2005,78.81707000732422,3016.7141,5258933,1282,"Finland","FIN",2005,8.29,51,"Finland","FIN",100
17170,"Finland","FIN",2006,2844.42236328125,34455.10546875,5277490,17300,"Finland","FIN",2006,79.21463775634766,3129.107,5277490,1283,"Finland","FIN",2006,8.28,51,"Finland","FIN",100
17171,"Finland","FIN",2007,3049.78466796875,37838.33984375,5297741,17301,"Finland","FIN",2007,79.26341247558594,3203.6907,5297741,1284,"Finland","FIN",2007,8.08,51,"Finland","FIN",100
17172,"Finland","FIN",2008,3340.422119140625,40083.69921875,5319452,17302,"Finland","FIN",2008,79.56829071044922,3316.5843,5319452,1285,"Finland","FIN",2008,8.34,51,"Finland","FIN",100
17173,"Finland","FIN",2009,3479.07763671875,37972.26953125,5342266,17303,"Finland","FIN",2009,79.71951293945312,3322.6085,5342266,1286,"Finland","FIN",2009,9.16,51,"Finland","FIN",100
17174,"Finland","FIN",2010,3562.5166015625,38956.47265625,5365784,17304,"Finland","FIN",2010,79.87073516845703,3403.1108,5365784,1287,"Finland","FIN",2010,9.14,51,"Finland","FIN",100
17175,"Finland","FIN",2011,3772.5361328125,40916.83984375,5390036,17305,"Finland","FIN",2011,80.47073364257812,3505.0245,5390036,1288,"Finland","FIN",2011,9.22,51,"Finland","FIN",100
17176,"Finland","FIN",2012,3917.433349609375,40873.09375,5414769,17306,"Finland","FIN",2012,80.6268310546875,3568.2158,5414769,1289,"Finland","FIN",2012,9.59,51,"Finland","FIN",100
17177,"Finland","FIN",2013,4068.5390625,41493.140625,5438984,17307,"Finland","FIN",2013,80.9756088256836,3602.6862,5438984,1290,"Finland","FIN",2013,9.81,51,"Finland","FIN",100
17178,"Finland","FIN",2014,4084.43017578125,41757.40234375,5461410,17308,"Finland","FIN",2014,81.18048858642578,3566.5437,5461410,1291,"Finland","FIN",2014,9.78,51,"Finland","FIN",100
17179,"Finland","FIN",2015,4097.8154296875,42497.703125,5481128,17309,"Finland","FIN",2015,81.48048400878906,3627.9559,5481128,1292,"Finland","FIN",2015,9.65,51,"Finland","FIN",100
17423,"France","FRA",2000,2516.921630859375,26090.634765625,59015092,17553,"France","FRA",2000,79.05609893798828,3248.9504,59015092,1297,"France","FRA",2000,9.58,52,"France","FRA",99.9
17424,"France","FRA",2001,2685.78662109375,27490.05078125,59384126,17554,"France","FRA",2001,79.15853881835938,3331.4384,59384126,1298,"France","FRA",2001,9.71,52,"France","FRA",99.9
17425,"France","FRA",2002,2876.459716796875,28523.88671875,59803434,17555,"France","FRA",2002,79.26097869873047,3454.0558,59803434,1299,"France","FRA",2002,10.02,52,"France","FRA",99.9
17426,"France","FRA",2003,2855.143310546875,28172.6953125,60251591,17556,"France","FRA",2003,79.11463165283203,3478.5787,60251591,1300,"France","FRA",2003,10.08,52,"France","FRA",99.9
17427,"France","FRA",2004,2970.895263671875,29060.451171875,60697977,17557,"France","FRA",2004,80.16341400146484,3578.9042,60697977,1301,"France","FRA",2004,10.16,52,"France","FRA",99.9
17428,"France","FRA",2005,3135.555908203125,30498.576171875,61120128,17558,"France","FRA",2005,80.16341400146484,3629.209,61120128,1302,"France","FRA",2005,10.21,52,"France","FRA",99.9
17429,"France","FRA",2006,3388.428466796875,32468.541015625,61508924,17559,"France","FRA",2006,80.81219482421875,3644.7304,61508924,1303,"France","FRA",2006,10.39,52,"France","FRA",99.9
17430,"France","FRA",2007,3536.06640625,34121.34375,61869229,17560,"France","FRA",2007,81.11219787597656,3680.6859,61869229,1304,"France","FRA",2007,10.32,52,"France","FRA",99.9
17431,"France","FRA",2008,3706.475830078125,35095.265625,62209207,17561,"France","FRA",2008,81.21463775634766,3713.7856,62209207,1305,"France","FRA",2008,10.5,52,"France","FRA",99.9
17432,"France","FRA",2009,3938.910400390625,34678.0625,62542883,17562,"France","FRA",2009,81.41463470458984,3836.7055,62542883,1306,"France","FRA",2009,11.29,52,"France","FRA",99.9
17433,"France","FRA",2010,4056.390380859375,35902.90234375,62879535,17563,"France","FRA",2010,81.66341400146484,3859.5252,62879535,1307,"France","FRA",2010,11.23,52,"France","FRA",99.9
17434,"France","FRA",2011,4211.18896484375,37440.6328125,63222229,17564,"France","FRA",2011,82.11463165283203,3917.4283,63222229,1308,"France","FRA",2011,11.18,52,"France","FRA",99.9
17435,"France","FRA",2012,4281.7255859375,37679.1171875,63564224,17565,"France","FRA",2012,81.96829223632812,3942.3884,63564224,1309,"France","FRA",2012,11.3,52,"France","FRA",99.9
17436,"France","FRA",2013,4539.58056640625,39523.85546875,63893521,17566,"France","FRA",2013,82.21951293945312,3989.2368,63893521,1310,"France","FRA",2013,11.42,52,"France","FRA",99.9
17437,"France","FRA",2014,4644.6259765625,40144.02734375,64193550,17567,"France","FRA",2014,82.71951293945312,4035.9507,64193550,1311,"France","FRA",2014,11.54,52,"France","FRA",99.9
17438,"France","FRA",2015,4682.66748046875,40849.99609375,64453194,17568,"France","FRA",2015,82.32195281982422,4027.949,64453194,1312,"France","FRA",2015,11.45,52,"France","FRA",99.9
18654,"Germany","DEU",2000,2692.238037109375,27199.044921875,81400883,18784,"Germany","DEU",2000,77.92682647705078,3536.3549,81400883,1377,"Germany","DEU",2000,9.89,56,"Germany","DEU",100
18655,"Germany","DEU",2001,2818.60107421875,28368.54296875,81453894,18785,"Germany","DEU",2001,78.32926940917969,3603.768,81453894,1378,"Germany","DEU",2001,9.92,56,"Germany","DEU",100
18656,"Germany","DEU",2002,2973.18896484375,29178.63671875,81535124,18786,"Germany","DEU",2002,78.2292709350586,3687.3766,81535124,1379,"Germany","DEU",2002,10.18,56,"Germany","DEU",100
18657,"Germany","DEU",2003,3107.751708984375,29908.138671875,81614371,18787,"Germany","DEU",2003,78.38048553466797,3745.138,81614371,1380,"Germany","DEU",2003,10.4,56,"Germany","DEU",100
18658,"Germany","DEU",2004,3175.912353515625,31333.8359375,81646474,18788,"Germany","DEU",2004,78.68048858642578,3704.9553,81646474,1381,"Germany","DEU",2004,10.15,56,"Germany","DEU",100
18659,"Germany","DEU",2005,3277.212158203125,31794.095703125,81602739,18789,"Germany","DEU",2005,78.93170928955078,3787.1331,81602739,1382,"Germany","DEU",2005,10.31,56,"Germany","DEU",100
18660,"Germany","DEU",2006,3470.145263671875,34160.34375,81472235,18790,"Germany","DEU",2006,79.13170623779297,3875.1386,81472235,1383,"Germany","DEU",2006,10.18,56,"Germany","DEU",100
18661,"Germany","DEU",2007,3640.699951171875,36287.48046875,81277836,18791,"Germany","DEU",2007,79.53414916992188,3950.1671,81277836,1384,"Germany","DEU",2007,10.05,56,"Germany","DEU",100
18662,"Germany","DEU",2008,3870.06396484375,37802.38671875,81065751,18792,"Germany","DEU",2008,79.73658752441406,4079.0901,81065751,1385,"Germany","DEU",2008,10.25,56,"Germany","DEU",100
18663,"Germany","DEU",2009,4135.20263671875,36815.84375,80899961,18793,"Germany","DEU",2009,79.83658599853516,4232.5762,80899961,1386,"Germany","DEU",2009,11.24,56,"Germany","DEU",100
18664,"Germany","DEU",2010,4323.986328125,38952.6953125,80827001,18794,"Germany","DEU",2010,79.98780822753906,4358.6128,80827001,1387,"Germany","DEU",2010,11.1,56,"Germany","DEU",100
18665,"Germany","DEU",2011,4588.23095703125,42541.53125,80855629,18795,"Germany","DEU",2011,80.43658447265625,4396.4446,80855629,1388,"Germany","DEU",2011,10.78,56,"Germany","DEU",100
18666,"Germany","DEU",2012,4711.658203125,43359.61328125,80972629,18796,"Germany","DEU",2012,80.53902435302734,4516.9885,80972629,1389,"Germany","DEU",2012,10.85,56,"Germany","DEU",100
18667,"Germany","DEU",2013,4955.896484375,44993.89453125,81174373,18797,"Germany","DEU",2013,80.49024200439453,4589.3728,81174373,1390,"Germany","DEU",2013,11,56,"Germany","DEU",100
18668,"Germany","DEU",2014,5195.2099609375,47011.55078125,81450370,18798,"Germany","DEU",2014,81.09024047851562,4684.4851,81450370,1391,"Germany","DEU",2014,11.02,56,"Germany","DEU",100
18669,"Germany","DEU",2015,5356.607421875,47609.78125,81787411,18799,"Germany","DEU",2015,80.64146423339844,4772.328,81787411,1392,"Germany","DEU",2015,11.18,56,"Germany","DEU",100
19244,"Greece","GRC",2000,1418.197265625,19516.197265625,11082103,19374,"Greece","GRC",2000,77.88780212402344,1815.1583,11082103,1417,"Greece","GRC",2000,7.24,58,"Greece","GRC",100
19245,"Greece","GRC",2001,1678.59814453125,20954.78125,11134447,19375,"Greece","GRC",2001,78.38780212402344,2073.6269,11134447,1418,"Greece","GRC",2001,7.99,58,"Greece","GRC",100
19246,"Greece","GRC",2002,1864.49755859375,22615.935546875,11182308,19376,"Greece","GRC",2002,78.64146423339844,2213.1951,11182308,1419,"Greece","GRC",2002,8.23,58,"Greece","GRC",100
19247,"Greece","GRC",2003,2019.2528076171875,23896.60546875,11218879,19377,"Greece","GRC",2003,78.84146118164062,2325.7693,11218879,1420,"Greece","GRC",2003,8.45,58,"Greece","GRC",100
19248,"Greece","GRC",2004,2061.817138671875,25460.453125,11234993,19378,"Greece","GRC",2004,79.03902435302734,2358.3612,11234993,1421,"Greece","GRC",2004,8.09,58,"Greece","GRC",100
19249,"Greece","GRC",2005,2194.10546875,25577.5234375,11224800,19379,"Greece","GRC",2005,79.23902130126953,2682.9519,11224800,1422,"Greece","GRC",2005,8.56,58,"Greece","GRC",100
19250,"Greece","GRC",2006,2357.97216796875,28549.15234375,11185231,19380,"Greece","GRC",2006,79.43902587890625,2816.2848,11185231,1423,"Greece","GRC",2006,8.26,58,"Greece","GRC",100
19251,"Greece","GRC",2007,2462.128662109375,29320.265625,11120371,19381,"Greece","GRC",2007,79.43902587890625,2931.8391,11120371,1424,"Greece","GRC",2007,8.4,58,"Greece","GRC",100
19252,"Greece","GRC",2008,2728.052001953125,30856.01171875,11040312,19382,"Greece","GRC",2008,79.93902587890625,3138.9139,11040312,1425,"Greece","GRC",2008,8.83,58,"Greece","GRC",100
19253,"Greece","GRC",2009,2861.11328125,30359.150390625,10959268,19383,"Greece","GRC",2009,80.18780517578125,2995.5728,10959268,1426,"Greece","GRC",2009,9.41,58,"Greece","GRC",100
19254,"Greece","GRC",2010,2681.254638671875,27913.08984375,10887640,19384,"Greece","GRC",2010,80.38780212402344,2855.3382,10887640,1427,"Greece","GRC",2010,9.6,58,"Greece","GRC",100
19255,"Greece","GRC",2011,2356.136474609375,25671.515625,10829074,19385,"Greece","GRC",2011,80.73170471191406,2496.7023,10829074,1428,"Greece","GRC",2011,9.19,58,"Greece","GRC",100
19256,"Greece","GRC",2012,2214.806396484375,24911.119140625,10781119,19386,"Greece","GRC",2012,80.63414764404297,2199.1078,10781119,1429,"Greece","GRC",2012,8.92,58,"Greece","GRC",100
19257,"Greece","GRC",2013,2163.44140625,25986.650390625,10740501,19387,"Greece","GRC",2013,81.28536224365234,2096.1872,10740501,1430,"Greece","GRC",2013,8.37,58,"Greece","GRC",100
19258,"Greece","GRC",2014,2100.170166015625,26625.0625,10701460,19388,"Greece","GRC",2014,81.38536834716797,2012.2274,10701460,1431,"Greece","GRC",2014,7.91,58,"Greece","GRC",100
19259,"Greece","GRC",2015,2148.73291015625,26760.36328125,10659737,19389,"Greece","GRC",2015,81.03658294677734,1994.1161,10659737,1432,"Greece","GRC",2015,8.07,58,"Greece","GRC",100
21909,"Hungary","HUN",2000,802.9237670898438,11853.1787109375,10220509,22069,"Hungary","HUN",2000,71.246337890625,1174.2322,10220509,1597,"Hungary","HUN",2000,6.78,67,"Hungary","HUN",100
21910,"Hungary","HUN",2001,900.8572998046876,13207.921875,10193451,22070,"Hungary","HUN",2001,72.248779296875,1231.7817,10193451,1598,"Hungary","HUN",2001,6.83,67,"Hungary","HUN",100
21911,"Hungary","HUN",2002,1032.7750244140625,14526.388671875,10167286,22071,"Hungary","HUN",2002,72.3487777709961,1345.8965,10167286,1599,"Hungary","HUN",2002,7.12,67,"Hungary","HUN",100
21912,"Hungary","HUN",2003,1254.0833740234375,15481.3203125,10141341,22072,"Hungary","HUN",2003,72.30000305175781,1601.6351,10141341,1600,"Hungary","HUN",2003,8.12,67,"Hungary","HUN",100
21913,"Hungary","HUN",2004,1259.904052734375,16272.005859375,10114481,22073,"Hungary","HUN",2004,72.6487808227539,1611.2098,10114481,1601,"Hungary","HUN",2004,7.77,67,"Hungary","HUN",100
21914,"Hungary","HUN",2005,1364.599365234375,17112.203125,10085942,22074,"Hungary","HUN",2005,72.6487808227539,1736.3408,10085942,1602,"Hungary","HUN",2005,8,67,"Hungary","HUN",100
21915,"Hungary","HUN",2006,1427.2481689453125,18389.41015625,10055657,22075,"Hungary","HUN",2006,73.09756469726562,1762.9564,10055657,1603,"Hungary","HUN",2006,7.79,67,"Hungary","HUN",100
21916,"Hungary","HUN",2007,1372.453857421875,19099.8515625,10024158,22076,"Hungary","HUN",2007,73.1512222290039,1641.345,10024158,1604,"Hungary","HUN",2007,7.22,67,"Hungary","HUN",100
21917,"Hungary","HUN",2008,1467.767578125,20727.890625,9991867,22077,"Hungary","HUN",2008,73.70243835449219,1631.2306,9991867,1605,"Hungary","HUN",2008,7.1,67,"Hungary","HUN",100
21918,"Hungary","HUN",2009,1496.4951171875,20729.783203125,9959439,22078,"Hungary","HUN",2009,73.90487670898438,1558.7315,9959439,1606,"Hungary","HUN",2009,7.24,67,"Hungary","HUN",100
21919,"Hungary","HUN",2010,1618.442138671875,21751.833984375,9927380,22079,"Hungary","HUN",2010,74.20731353759766,1632.9071,9927380,1607,"Hungary","HUN",2010,7.46,67,"Hungary","HUN",100
21920,"Hungary","HUN",2011,1720.4893798828125,23038.80859375,9895689,22080,"Hungary","HUN",2011,74.85853576660156,1670.9272,9895689,1608,"Hungary","HUN",2011,7.49,67,"Hungary","HUN",100
21921,"Hungary","HUN",2012,1722.2578125,23275.232421875,9864363,22081,"Hungary","HUN",2012,75.06341552734375,1633.207,9864363,1609,"Hungary","HUN",2012,7.43,67,"Hungary","HUN",100
21922,"Hungary","HUN",2013,1773.0855712890625,24556.71484375,9833923,22082,"Hungary","HUN",2013,75.56585693359375,1623.611,9833923,1610,"Hungary","HUN",2013,7.25,67,"Hungary","HUN",100
21923,"Hungary","HUN",2014,1808.397216796875,25699.75,9804991,22083,"Hungary","HUN",2014,75.76341247558594,1656.7189,9804991,1611,"Hungary","HUN",2014,7.06,67,"Hungary","HUN",100
21924,"Hungary","HUN",2015,1834.4617919921875,26806.595703125,9777925,22084,"Hungary","HUN",2015,75.56829071044922,1676.6019,9777925,1612,"Hungary","HUN",2015,6.86,67,"Hungary","HUN",100
22168,"Iceland","ISL",2000,2667.521240234375,29779.09375,280439,22328,"Iceland","ISL",2000,79.65365600585938,3018.2348,280439,1617,"Iceland","ISL",2000,8.93,68,"Iceland","ISL",100
22169,"Iceland","ISL",2001,2822.07861328125,31876.02734375,282910,22329,"Iceland","ISL",2001,80.69024658203125,3046.8803,282910,1618,"Iceland","ISL",2001,8.79,68,"Iceland","ISL",100
22170,"Iceland","ISL",2002,3110.16259765625,32607.10546875,285329,22330,"Iceland","ISL",2002,80.50244140625,3280.2966,285329,1619,"Iceland","ISL",2002,9.47,68,"Iceland","ISL",100
22171,"Iceland","ISL",2003,3195.446533203125,32699.2421875,287955,22331,"Iceland","ISL",2003,80.96341705322266,3504.7227,287955,1620,"Iceland","ISL",2003,9.73,68,"Iceland","ISL",100
22172,"Iceland","ISL",2004,3330.78125,35616.19921875,291102,22332,"Iceland","ISL",2004,80.99755859375,3563.2638,291102,1621,"Iceland","ISL",2004,9.33,68,"Iceland","ISL",100
22173,"Iceland","ISL",2005,3359.114013671875,37322.73828125,294976,22333,"Iceland","ISL",2005,81.50244140625,3571.3684,294976,1622,"Iceland","ISL",2005,8.95,68,"Iceland","ISL",100
22174,"Iceland","ISL",2006,3438.62890625,39700.328125,299727,22334,"Iceland","ISL",2006,81.15853881835938,3531.784,299727,1623,"Iceland","ISL",2006,8.56,68,"Iceland","ISL",100
22175,"Iceland","ISL",2007,3531.835205078125,41463.42578125,305181,22335,"Iceland","ISL",2007,81.45365905761719,3686.4844,305181,1624,"Iceland","ISL",2007,8.35,68,"Iceland","ISL",100
22176,"Iceland","ISL",2008,3725.518310546875,43728.11328125,310855,22336,"Iceland","ISL",2008,81.60975646972656,3692.5888,310855,1625,"Iceland","ISL",2008,8.34,68,"Iceland","ISL",100
22177,"Iceland","ISL",2009,3704.7109375,41864.1875,316057,22337,"Iceland","ISL",2009,81.751220703125,3631.9733,316057,1626,"Iceland","ISL",2009,8.78,68,"Iceland","ISL",100
22178,"Iceland","ISL",2010,3304.6796875,39775.296875,320342,22338,"Iceland","ISL",2010,81.8975601196289,3405.9865,320342,1627,"Iceland","ISL",2010,8.36,68,"Iceland","ISL",100
22179,"Iceland","ISL",2011,3311.7236328125,40936.8671875,323471,22339,"Iceland","ISL",2011,82.35853576660156,3395.1218,323471,1628,"Iceland","ISL",2011,8.2,68,"Iceland","ISL",100
22180,"Iceland","ISL",2012,3384.3759765625,42004.44921875,325642,22340,"Iceland","ISL",2012,82.91707611083984,3440.0963,325642,1629,"Iceland","ISL",2012,8.18,68,"Iceland","ISL",100
22181,"Iceland","ISL",2013,3592.75146484375,44409.66796875,327194,22341,"Iceland","ISL",2013,82.06097412109375,3560.4208,327194,1630,"Iceland","ISL",2013,8.18,68,"Iceland","ISL",100
22182,"Iceland","ISL",2014,3771.124755859375,45996.96875,328592,22342,"Iceland","ISL",2014,82.86097717285156,3627.7345,328592,1631,"Iceland","ISL",2014,8.23,68,"Iceland","ISL",100
22183,"Iceland","ISL",2015,3977.299560546875,49201.0625,330237,22343,"Iceland","ISL",2015,82.46829223632812,3712.7076,330237,1632,"Iceland","ISL",2015,8.07,68,"Iceland","ISL",100
23463,"Ireland","IRL",2000,1795.6429443359375,30205.65625,3783095,23623,"Ireland","IRL",2000,76.53658294677734,2277.413,3783095,1714,"Ireland","IRL",2000,5.9,72,"Ireland","IRL",100
23464,"Ireland","IRL",2001,2100.944091796875,32567.28125,3842253,23624,"Ireland","IRL",2001,77.13414764404297,2571.5499,3842253,1715,"Ireland","IRL",2001,6.4,72,"Ireland","IRL",100
23465,"Ireland","IRL",2002,2369.6689453125,35222.02734375,3907995,23625,"Ireland","IRL",2002,77.63414764404297,2792.6566,3907995,1716,"Ireland","IRL",2002,6.67,72,"Ireland","IRL",100
23466,"Ireland","IRL",2003,2560.674560546875,36283.12109375,3980077,23626,"Ireland","IRL",2003,78.13902282714844,2991.0384,3980077,1717,"Ireland","IRL",2003,7.01,72,"Ireland","IRL",100
23467,"Ireland","IRL",2004,2822.845458984375,38733.3515625,4058131,23627,"Ireland","IRL",2004,78.53902435302734,3165.1088,4058131,1718,"Ireland","IRL",2004,7.22,72,"Ireland","IRL",100
23468,"Ireland","IRL",2005,3128.88818359375,40466.234375,4141218,23628,"Ireland","IRL",2005,78.94390106201172,3490.7445,4141218,1719,"Ireland","IRL",2005,7.65,72,"Ireland","IRL",100
23469,"Ireland","IRL",2006,3371.895263671875,44232.37109375,4230619,23629,"Ireland","IRL",2006,79.24146270751953,3545.7522,4230619,1720,"Ireland","IRL",2006,7.52,72,"Ireland","IRL",100
23470,"Ireland","IRL",2007,3696.954833984375,46773.48828125,4324649,23630,"Ireland","IRL",2007,79.64146423339844,3776.9736,4324649,1721,"Ireland","IRL",2007,7.81,72,"Ireland","IRL",100
23471,"Ireland","IRL",2008,4059.450439453125,44169.09375,4415871,23631,"Ireland","IRL",2008,80.09512329101562,4225.5888,4415871,1722,"Ireland","IRL",2008,9.11,72,"Ireland","IRL",100
23472,"Ireland","IRL",2009,4380.6875,41471.078125,4494572,23632,"Ireland","IRL",2009,80.19024658203125,4560.1121,4494572,1723,"Ireland","IRL",2009,10.51,72,"Ireland","IRL",100
23473,"Ireland","IRL",2010,4561.6923828125,43203.12109375,4554330,23633,"Ireland","IRL",2010,80.74390411376953,4585.4044,4554330,1724,"Ireland","IRL",2010,10.51,72,"Ireland","IRL",100
23474,"Ireland","IRL",2011,4802.27978515625,45080.1875,4591115,23634,"Ireland","IRL",2011,80.746337890625,4370.0642,4591115,1725,"Ireland","IRL",2011,10.68,72,"Ireland","IRL",100
23475,"Ireland","IRL",2012,4938.2265625,46361.46484375,4608199,23635,"Ireland","IRL",2012,80.84634399414062,4467.5385,4608199,1726,"Ireland","IRL",2012,10.65,72,"Ireland","IRL",100
23476,"Ireland","IRL",2013,4945.7451171875,47830.6328125,4615426,23636,"Ireland","IRL",2013,80.94878387451172,4676.9454,4615426,1727,"Ireland","IRL",2013,10.3,72,"Ireland","IRL",100
23477,"Ireland","IRL",2014,4898.44287109375,51098.265625,4626852,23637,"Ireland","IRL",2014,81.3487777709961,4743.4296,4626852,1728,"Ireland","IRL",2014,9.53,72,"Ireland","IRL",100
23478,"Ireland","IRL",2015,5077.4765625,69028.7734375,4652420,23638,"Ireland","IRL",2015,81.45365905761719,4730.3324,4652420,1729,"Ireland","IRL",2015,7.32,72,"Ireland","IRL",100
23794,"Israel","ISR",2000,1793.57177734375,24951.216796875,5945949,23950,"Israel","ISR",2000,78.95365905761719,1731.985,5945949,1734,"Israel","ISR",2000,6.78,73,"Israel","ISR",100
23795,"Israel","ISR",2001,1913.0831298828125,24944.630859375,6060679,23951,"Israel","ISR",2001,79.40731811523438,1802.3905,6060679,1735,"Israel","ISR",2001,7.21,73,"Israel","ISR",100
23796,"Israel","ISR",2002,1920.0947265625,25230.01171875,6169311,23952,"Israel","ISR",2002,79.45121765136719,1746.3998,6169311,1736,"Israel","ISR",2002,7.13,73,"Israel","ISR",100
23797,"Israel","ISR",2003,1799.2230224609375,23845.3125,6278374,23953,"Israel","ISR",2003,79.6487808227539,1723.6955,6278374,1737,"Israel","ISR",2003,7.07,73,"Israel","ISR",100
23798,"Israel","ISR",2004,1885.4044189453125,25238.880859375,6396511,23954,"Israel","ISR",2004,80.1463394165039,1762.0028,6396511,1738,"Israel","ISR",2004,7.01,73,"Israel","ISR",100
23799,"Israel","ISR",2005,1877.4962158203125,24853.77734375,6529470,23955,"Israel","ISR",2005,80.1512222290039,1827.5507,6529470,1739,"Israel","ISR",2005,7.12,73,"Israel","ISR",100
23800,"Israel","ISR",2006,1874.4708251953125,25700.9375,6680641,23956,"Israel","ISR",2006,80.55365753173828,1850.0258,6680641,1740,"Israel","ISR",2006,6.91,73,"Israel","ISR",100
23801,"Israel","ISR",2007,1984.4439697265625,27513.142578125,6847148,23957,"Israel","ISR",2007,80.50487518310547,1919.0778,6847148,1741,"Israel","ISR",2007,6.88,73,"Israel","ISR",100
23802,"Israel","ISR",2008,1989.9810791015625,27510.0390625,7020832,23958,"Israel","ISR",2008,80.95121765136719,1966.125,7020832,1742,"Israel","ISR",2008,6.96,73,"Israel","ISR",100
23803,"Israel","ISR",2009,2022.189697265625,27461.861328125,7190037,23959,"Israel","ISR",2009,81.40487670898438,1966.5113,7190037,1743,"Israel","ISR",2009,7.07,73,"Israel","ISR",100
23804,"Israel","ISR",2010,2098.896240234375,28840.044921875,7346446,23960,"Israel","ISR",2010,81.6024398803711,2025.5808,7346446,1744,"Israel","ISR",2010,7.02,73,"Israel","ISR",100
23805,"Israel","ISR",2011,2210.542236328125,30636.3515625,7487095,23961,"Israel","ISR",2011,81.65609741210938,2085.0105,7487095,1745,"Israel","ISR",2011,6.99,73,"Israel","ISR",100
23806,"Israel","ISR",2012,2342.507568359375,31846.35546875,7614946,23962,"Israel","ISR",2012,81.70487976074219,2138.5689,7614946,1746,"Israel","ISR",2012,7.12,73,"Israel","ISR",100
23807,"Israel","ISR",2013,2518.75244140625,34324.37890625,7734834,23963,"Israel","ISR",2013,82.05609893798828,2259.7685,7734834,1747,"Israel","ISR",2013,7.08,73,"Israel","ISR",100
23808,"Israel","ISR",2014,2560.209716796875,34366.1796875,7854216,23964,"Israel","ISR",2014,82.15365600585938,2319.2332,7854216,1748,"Israel","ISR",2014,7.14,73,"Israel","ISR",100
23809,"Israel","ISR",2015,2645.223388671875,35469.94921875,7978496,23965,"Israel","ISR",2015,82.05121612548828,2292.3219,7978496,1749,"Israel","ISR",2015,7.1,73,"Israel","ISR",100
24053,"Italy","ITA",2000,2050.03662109375,27072.421875,56692178,24213,"Italy","ITA",2000,79.77804565429688,2655.8168,56692178,1754,"Italy","ITA",2000,7.57,74,"Italy","ITA",100
24054,"Italy","ITA",2001,2170.589599609375,28033.736328125,56875148,24214,"Italy","ITA",2001,80.1268310546875,2768.5363,56875148,1755,"Italy","ITA",2001,7.74,74,"Italy","ITA",100
24055,"Italy","ITA",2002,2263.5244140625,28736.576171875,57182521,24215,"Italy","ITA",2002,80.2292709350586,2815.5814,57182521,1756,"Italy","ITA",2002,7.87,74,"Italy","ITA",100
24056,"Italy","ITA",2003,2291.937255859375,29196.927734375,57564589,24216,"Italy","ITA",2003,79.98292541503906,2793.9552,57564589,1757,"Italy","ITA",2003,7.83,74,"Italy","ITA",100
24057,"Italy","ITA",2004,2419.231689453125,29554.689453125,57948421,24217,"Italy","ITA",2004,80.78048706054688,2939.1599,57948421,1758,"Italy","ITA",2004,8.17,74,"Italy","ITA",100
24058,"Italy","ITA",2005,2516.80322265625,30130.64453125,58281209,24218,"Italy","ITA",2005,80.78292846679688,3015.059,58281209,1759,"Italy","ITA",2005,8.34,74,"Italy","ITA",100
24059,"Italy","ITA",2006,2738.11572265625,32453.583984375,58542619,24219,"Italy","ITA",2006,81.28292846679688,3102.4452,58542619,1760,"Italy","ITA",2006,8.44,74,"Italy","ITA",100
24060,"Italy","ITA",2007,2784.6171875,34141.19921875,58747862,24220,"Italy","ITA",2007,81.43414306640625,3022.4024,58747862,1761,"Italy","ITA",2007,8.14,74,"Italy","ITA",100
24061,"Italy","ITA",2008,3040.122802734375,35523.26953125,58922116,24221,"Italy","ITA",2008,81.48536682128906,3116.1245,58922116,1762,"Italy","ITA",2008,8.53,74,"Italy","ITA",100
24062,"Italy","ITA",2009,3104.782958984375,34602.8984375,59105622,24222,"Italy","ITA",2009,81.63658905029297,3073.9197,59105622,1763,"Italy","ITA",2009,8.95,74,"Italy","ITA",100
24063,"Italy","ITA",2010,3141.75341796875,35158.44140625,59325232,24223,"Italy","ITA",2010,82.03658294677734,3108.2039,59325232,1764,"Italy","ITA",2010,8.92,74,"Italy","ITA",100
24064,"Italy","ITA",2011,3211.9560546875,36598.015625,59589070,24224,"Italy","ITA",2011,82.18780517578125,3079.2887,59589070,1765,"Italy","ITA",2011,8.77,74,"Italy","ITA",100
24065,"Italy","ITA",2012,3212.635498046875,36486.296875,59879469,24225,"Italy","ITA",2012,82.23902130126953,2986.9155,59879469,1766,"Italy","ITA",2012,8.78,74,"Italy","ITA",100
24066,"Italy","ITA",2013,3216.07177734375,36314.6953125,60166828,24226,"Italy","ITA",2013,82.69024658203125,2886.7033,60166828,1767,"Italy","ITA",2013,8.78,74,"Italy","ITA",100
24067,"Italy","ITA",2014,3210.07373046875,36194.875,60409622,24227,"Italy","ITA",2014,83.09024047851562,2933.1558,60409622,1768,"Italy","ITA",2014,8.87,74,"Italy","ITA",100
24068,"Italy","ITA",2015,3264.642822265625,36899.38671875,60578489,24228,"Italy","ITA",2015,82.54389953613281,2954.1373,60578489,1769,"Italy","ITA",2015,8.86,74,"Italy","ITA",100
24563,"Japan","JPN",2000,1908.9599609375,27287.26953125,127524168,24723,"Japan","JPN",2000,81.07609558105469,2330.8806,127524168,1794,"Japan","JPN",2000,7.03,76,"Japan","JPN",100
24564,"Japan","JPN",2001,2012.8175048828125,27942.345703125,127713824,24724,"Japan","JPN",2001,81.41707611083984,2403.8792,127713824,1795,"Japan","JPN",2001,7.24,76,"Japan","JPN",100
24565,"Japan","JPN",2002,2097.13427734375,28623.587890625,127893075,24725,"Japan","JPN",2002,81.56341552734375,2443.5713,127893075,1796,"Japan","JPN",2002,7.35,76,"Japan","JPN",100
24566,"Japan","JPN",2003,2195.607177734375,29392.248046875,128058368,24726,"Japan","JPN",2003,81.76000213623047,2525.473,128058368,1797,"Japan","JPN",2003,7.49,76,"Japan","JPN",100
24567,"Japan","JPN",2004,2315.775146484375,30830.658203125,128204183,24727,"Japan","JPN",2004,82.03024291992188,2602.057,128204183,1798,"Japan","JPN",2004,7.54,76,"Japan","JPN",100
24568,"Japan","JPN",2005,2453.009521484375,32169.8671875,128326115,24728,"Japan","JPN",2005,81.92512512207031,2692.0869,128326115,1799,"Japan","JPN",2005,7.66,76,"Japan","JPN",100
24569,"Japan","JPN",2006,2572.1884765625,33634.6328125,128422740,24729,"Japan","JPN",2006,82.32195281982422,2743.601,128422740,1800,"Japan","JPN",2006,7.69,76,"Japan","JPN",100
24570,"Japan","JPN",2007,2711.8818359375,35015.98828125,128494050,24730,"Japan","JPN",2007,82.50707244873047,2821.3057,128494050,1801,"Japan","JPN",2007,7.78,76,"Japan","JPN",100
24571,"Japan","JPN",2008,2842.771240234375,35273.79296875,128538644,24731,"Japan","JPN",2008,82.58756256103516,2906.937,128538644,1802,"Japan","JPN",2008,8.09,76,"Japan","JPN",100
24572,"Japan","JPN",2009,2995.341796875,33547.28515625,128555196,24732,"Japan","JPN",2009,82.93146514892578,3035.3095,128555196,1803,"Japan","JPN",2009,8.96,76,"Japan","JPN",100
24573,"Japan","JPN",2010,3191.9072265625,35335.375,128542349,24733,"Japan","JPN",2010,82.84268188476562,3204.9489,128542349,1804,"Japan","JPN",2010,9.06,76,"Japan","JPN",100
24574,"Japan","JPN",2011,3778.414306640625,36214.44140625,128498966,24734,"Japan","JPN",2011,82.59121704101562,3725.9524,128498966,1805,"Japan","JPN",2011,10.49,76,"Japan","JPN",100
24575,"Japan","JPN",2012,3988.363525390625,37605.97265625,128423571,24735,"Japan","JPN",2012,83.09609985351562,3858.7176,128423571,1806,"Japan","JPN",2012,10.67,76,"Japan","JPN",100
24576,"Japan","JPN",2013,4177.43408203125,39402.0234375,128314189,24736,"Japan","JPN",2013,83.33195495605469,3951.9544,128314189,1807,"Japan","JPN",2013,10.67,76,"Japan","JPN",100
24577,"Japan","JPN",2014,4214.3486328125,39555.41015625,128168630,24737,"Japan","JPN",2014,83.58780670166016,3962.1753,128168630,1808,"Japan","JPN",2014,10.73,76,"Japan","JPN",100
24578,"Japan","JPN",2015,4367.50146484375,40898.80859375,127985139,24738,"Japan","JPN",2015,83.79389953613281,3930.7353,127985139,1809,"Japan","JPN",2015,10.75,76,"Japan","JPN",100
26643,"Latvia","LVA",2000,434.408935546875,8039.50634765625,2384150,26906,"Latvia","LVA",2000,70.31463623046875,626.0707,2384150,1954,"Latvia","LVA",2000,5.44,83,"Latvia","LVA",70
26644,"Latvia","LVA",2001,518.5054931640625,9044.546875,2358689,26907,"Latvia","LVA",2001,70.76097869873047,696.9402,2358689,1955,"Latvia","LVA",2001,5.78,83,"Latvia","LVA",70
26645,"Latvia","LVA",2002,578.263427734375,10081.19140625,2332528,26908,"Latvia","LVA",2002,70.96097564697266,756.3974,2332528,1956,"Latvia","LVA",2002,5.77,83,"Latvia","LVA",70
26646,"Latvia","LVA",2003,602.4324951171875,11060.9423828125,2305845,26909,"Latvia","LVA",2003,71.26585388183594,795.6183,2305845,1957,"Latvia","LVA",2003,5.49,83,"Latvia","LVA",70
26647,"Latvia","LVA",2004,756.4335327148438,12278.5849609375,2278922,26910,"Latvia","LVA",2004,72.0268325805664,929.6818,2278922,1958,"Latvia","LVA",2004,6.22,83,"Latvia","LVA",70
26648,"Latvia","LVA",2005,807.5783081054688,13913.7880859375,2251996,26911,"Latvia","LVA",2005,71.35609436035156,978.9398,2251996,1959,"Latvia","LVA",2005,5.85,83,"Latvia","LVA",70
26649,"Latvia","LVA",2006,899.607421875,15859.3154296875,2225063,26912,"Latvia","LVA",2006,70.86585235595703,1082.8852,2225063,1960,"Latvia","LVA",2006,5.72,83,"Latvia","LVA",70
26650,"Latvia","LVA",2007,1000.3821411132812,18236.609375,2198089,26913,"Latvia","LVA",2007,71.01951599121094,1207.1463,2198089,1961,"Latvia","LVA",2007,5.52,83,"Latvia","LVA",70
26651,"Latvia","LVA",2008,1085.892333984375,19573.15625,2171248,26914,"Latvia","LVA",2008,72.41950988769531,1146.5548,2171248,1962,"Latvia","LVA",2008,5.6,83,"Latvia","LVA",70
26652,"Latvia","LVA",2009,1028.6370849609375,17023.755859375,2144784,26915,"Latvia","LVA",2009,73.08049011230469,1091.5743,2144784,1963,"Latvia","LVA",2009,6.12,83,"Latvia","LVA",70
26653,"Latvia","LVA",2010,1068.79931640625,17706.89453125,2118855,26916,"Latvia","LVA",2010,73.48292541503906,1071.4247,2118855,1964,"Latvia","LVA",2010,6.12,83,"Latvia","LVA",70
26654,"Latvia","LVA",2011,1093.8682861328125,19248.419921875,2093606,26917,"Latvia","LVA",2011,73.57560729980469,1052.3074,2093606,1965,"Latvia","LVA",2011,5.54,83,"Latvia","LVA",70
26655,"Latvia","LVA",2012,1146.006103515625,21290.458984375,2069018,26918,"Latvia","LVA",2012,73.77804565429688,1078.4919,2069018,1966,"Latvia","LVA",2012,5.38,83,"Latvia","LVA",70
26656,"Latvia","LVA",2013,1217.7264404296875,22639.068359375,2044950,26919,"Latvia","LVA",2013,73.98292541503906,1116.1671,2044950,1967,"Latvia","LVA",2013,5.37,83,"Latvia","LVA",70
26657,"Latvia","LVA",2014,1296.1546630859375,23815.80078125,2021220,26920,"Latvia","LVA",2014,74.1243896484375,1173.3727,2021220,1968,"Latvia","LVA",2014,5.47,83,"Latvia","LVA",70
26658,"Latvia","LVA",2015,1405.39990234375,24972.78515625,1997675,26921,"Latvia","LVA",2015,74.48048400878906,1229.7855,1997675,1969,"Latvia","LVA",2015,5.65,83,"Latvia","LVA",70
28549,"Luxembourg","LUX",2000,3287.651611328125,55117.2578125,436106,28902,"Luxembourg","LUX",2000,77.8731689453125,4607.0129,436106,2106,"Luxembourg","LUX",2000,5.9,88,"Luxembourg","LUX",97.6
28550,"Luxembourg","LUX",2001,3604.035888671875,56125.23046875,440197,28903,"Luxembourg","LUX",2001,77.82438659667969,5120.9327,440197,2107,"Luxembourg","LUX",2001,6.41,88,"Luxembourg","LUX",97.6
28551,"Luxembourg","LUX",2002,3979.253662109375,58575.6796875,443727,28904,"Luxembourg","LUX",2002,77.96585083007812,5534.7542,443727,2108,"Luxembourg","LUX",2002,6.74,88,"Luxembourg","LUX",97.6
28552,"Luxembourg","LUX",2003,4217.79345703125,60196.54296875,447317,28905,"Luxembourg","LUX",2003,77.7268295288086,5733.3215,447317,2109,"Luxembourg","LUX",2003,6.97,88,"Luxembourg","LUX",97.6
28553,"Luxembourg","LUX",2004,4737.7109375,64692.59765625,451822,28906,"Luxembourg","LUX",2004,79.1219482421875,6206.8898,451822,2110,"Luxembourg","LUX",2004,7.35,88,"Luxembourg","LUX",97.6
28554,"Luxembourg","LUX",2005,4941.68310546875,68787.8515625,457848,28907,"Luxembourg","LUX",2005,79.43170928955078,6192.6627,457848,2111,"Luxembourg","LUX",2005,7.18,88,"Luxembourg","LUX",97.6
28555,"Luxembourg","LUX",2006,5267.283203125,78878.4609375,465611,28908,"Luxembourg","LUX",2006,79.28780364990234,6020.6356,465611,2112,"Luxembourg","LUX",2006,6.71,88,"Luxembourg","LUX",97.6
28556,"Luxembourg","LUX",2007,5276.57470703125,85109.8828125,474917,28909,"Luxembourg","LUX",2007,79.38292694091797,5982.6009,474917,2113,"Luxembourg","LUX",2007,6.23,88,"Luxembourg","LUX",97.6
28557,"Luxembourg","LUX",2008,5725.23193359375,90970.71875,485403,28910,"Luxembourg","LUX",2008,80.53902435302734,6130.7386,485403,2114,"Luxembourg","LUX",2008,6.54,88,"Luxembourg","LUX",97.6
28558,"Luxembourg","LUX",2009,6094.6953125,86875.8515625,496536,28911,"Luxembourg","LUX",2009,80.63658905029297,6451.6554,496536,2115,"Luxembourg","LUX",2009,7.34,88,"Luxembourg","LUX",97.6
28559,"Luxembourg","LUX",2010,6083.71337890625,90361.78125,507890,28912,"Luxembourg","LUX",2010,80.63170623779297,6401.8972,507890,2116,"Luxembourg","LUX",2010,7.03,88,"Luxembourg","LUX",97.6
28560,"Luxembourg","LUX",2011,5694.88330078125,94475.03125,519312,28913,"Luxembourg","LUX",2011,80.98780822753906,5628.0203,519312,2117,"Luxembourg","LUX",2011,6.11,88,"Luxembourg","LUX",97.6
28561,"Luxembourg","LUX",2012,5175.365234375,96636.4296875,530855,28914,"Luxembourg","LUX",2012,81.39268493652344,5811.1547,530855,2118,"Luxembourg","LUX",2012,5.58,88,"Luxembourg","LUX",97.6
28562,"Luxembourg","LUX",2013,5346.1962890625,100925.015625,542554,28915,"Luxembourg","LUX",2013,81.80000305175781,5787.4369,542554,2119,"Luxembourg","LUX",2013,5.53,88,"Luxembourg","LUX",97.6
28563,"Luxembourg","LUX",2014,5573.94482421875,105296.28125,554512,28916,"Luxembourg","LUX",2014,82.2292709350586,5777.4345,554512,2120,"Luxembourg","LUX",2014,5.44,88,"Luxembourg","LUX",97.6
28564,"Luxembourg","LUX",2015,5545.197265625,107859.6875,566741,28917,"Luxembourg","LUX",2015,82.29268646240234,6758.7884,566741,2121,"Luxembourg","LUX",2015,5.28,88,"Luxembourg","LUX",97.6
31321,"Mexico","MEX",2000,493.399658203125,11089.490234375,98899845,31674,"Mexico","MEX",2000,74.33999633789062,689.5147,98899845,2306,"Mexico","MEX",2000,4.45,96,"Mexico","MEX",85.6
31322,"Mexico","MEX",2001,536.49951171875,11136.021484375,100298152,31675,"Mexico","MEX",2001,74.65799713134766,736.5952,100298152,2307,"Mexico","MEX",2001,4.82,96,"Mexico","MEX",85.6
31323,"Mexico","MEX",2002,567.3888549804688,11187.4765625,101684764,31676,"Mexico","MEX",2002,74.9219970703125,754.4262,101684764,2308,"Mexico","MEX",2002,5.07,96,"Mexico","MEX",85.6
31324,"Mexico","MEX",2003,667.6888427734375,11488.2958984375,103081020,31677,"Mexico","MEX",2003,75.11799621582031,830.7156,103081020,2309,"Mexico","MEX",2003,5.81,96,"Mexico","MEX",85.6
31325,"Mexico","MEX",2004,719.5745239257812,12090.9912109375,104514934,31678,"Mexico","MEX",2004,75.24299621582031,870.4653,104514934,2310,"Mexico","MEX",2004,5.95,96,"Mexico","MEX",85.6
31326,"Mexico","MEX",2005,738.7151489257812,12657.6376953125,106005199,31679,"Mexico","MEX",2005,75.30000305175781,868.577,106005199,2311,"Mexico","MEX",2005,5.84,96,"Mexico","MEX",85.6
31327,"Mexico","MEX",2006,780.8876953125,13812.9013671875,107560155,31680,"Mexico","MEX",2006,75.2959976196289,869.6953,107560155,2312,"Mexico","MEX",2006,5.66,96,"Mexico","MEX",85.6
31328,"Mexico","MEX",2007,824.0288696289062,14297.2216796875,109170503,31681,"Mexico","MEX",2007,75.25499725341797,902.7412,109170503,2313,"Mexico","MEX",2007,5.77,96,"Mexico","MEX",85.6
31329,"Mexico","MEX",2008,850.546142578125,14924.8212890625,110815272,31682,"Mexico","MEX",2008,75.19400024414062,891.0721,110815272,2314,"Mexico","MEX",2008,5.7,96,"Mexico","MEX",85.6
31330,"Mexico","MEX",2009,892.3890380859375,14547.64453125,112463886,31683,"Mexico","MEX",2009,75.12799835205078,900.0231,112463886,2315,"Mexico","MEX",2009,6.13,96,"Mexico","MEX",85.6
31331,"Mexico","MEX",2010,875.4848022460938,15255.01953125,114092961,31684,"Mexico","MEX",2010,75.06500244140625,911.3509,114092961,2316,"Mexico","MEX",2010,5.74,96,"Mexico","MEX",85.6
31332,"Mexico","MEX",2011,911.7260131835938,16520.259765625,115695468,31685,"Mexico","MEX",2011,75.01100158691406,895.0437,115695468,2317,"Mexico","MEX",2011,5.52,96,"Mexico","MEX",85.6
31333,"Mexico","MEX",2012,972.3177490234376,17162.927734375,117274156,31686,"Mexico","MEX",2012,74.96600341796875,947.8146,117274156,2318,"Mexico","MEX",2012,5.67,96,"Mexico","MEX",85.6
31334,"Mexico","MEX",2013,1009.2907104492188,17373.896484375,118827158,31687,"Mexico","MEX",2013,74.93000030517578,965.7668,118827158,2319,"Mexico","MEX",2013,5.81,96,"Mexico","MEX",85.6
31335,"Mexico","MEX",2014,1002.767578125,18056.7890625,120355137,31688,"Mexico","MEX",2014,74.90799713134766,928.7826,120355137,2320,"Mexico","MEX",2014,5.55,96,"Mexico","MEX",85.6
31336,"Mexico","MEX",2015,1047.353515625,18301.5,121858251,31689,"Mexico","MEX",2015,74.90399932861328,956.2196,121858251,2321,"Mexico","MEX",2015,5.72,96,"Mexico","MEX",85.6
34453,"Netherlands","NLD",2000,2466.85009765625,31870.833984375,15926188,34866,"Netherlands","NLD",2000,77.98780822753906,2895.4987,15926188,2535,"Netherlands","NLD",2000,7.71,103,"Netherlands","NLD",98.9
34454,"Netherlands","NLD",2001,2685.1923828125,33180.18359375,16018112,34867,"Netherlands","NLD",2001,78.19024658203125,3094.8154,16018112,2536,"Netherlands","NLD",2001,8.06,103,"Netherlands","NLD",98.9
34455,"Netherlands","NLD",2002,2987.45263671875,34447.20703125,16110355,34868,"Netherlands","NLD",2002,78.29268646240234,3290.5559,16110355,2537,"Netherlands","NLD",2002,8.65,103,"Netherlands","NLD",98.9
34456,"Netherlands","NLD",2003,3095.840576171875,34149.62109375,16200948,34869,"Netherlands","NLD",2003,78.49268341064453,3492.0137,16200948,2538,"Netherlands","NLD",2003,9.06,103,"Netherlands","NLD",98.9
34457,"Netherlands","NLD",2004,3264.572265625,35809.78515625,16287183,34870,"Netherlands","NLD",2004,79.09512329101562,3577.4411,16287183,2539,"Netherlands","NLD",2004,9.11,103,"Netherlands","NLD",98.9
34458,"Netherlands","NLD",2005,3425.701416015625,37625.5625,16367153,34871,"Netherlands","NLD",2005,79.34634399414062,4026.956,16367153,2540,"Netherlands","NLD",2005,9.1,103,"Netherlands","NLD",98.9
34459,"Netherlands","NLD",2006,3722.015380859375,41013.78515625,16440091,34872,"Netherlands","NLD",2006,79.69756317138672,4114.4114,16440091,2541,"Netherlands","NLD",2006,9.08,103,"Netherlands","NLD",98.9
34460,"Netherlands","NLD",2007,3978.706298828125,43939.14453125,16506651,34873,"Netherlands","NLD",2007,80.09756469726562,4261.8189,16506651,2542,"Netherlands","NLD",2007,9.05,103,"Netherlands","NLD",98.9
34461,"Netherlands","NLD",2008,4316.7900390625,46420.203125,16568105,34874,"Netherlands","NLD",2008,80.251220703125,4418.9235,16568105,2543,"Netherlands","NLD",2008,9.28,103,"Netherlands","NLD",98.9
34462,"Netherlands","NLD",2009,4467.8662109375,44556.921875,16626379,34875,"Netherlands","NLD",2009,80.54878234863281,4549.9608,16626379,2544,"Netherlands","NLD",2009,9.99,103,"Netherlands","NLD",98.9
34463,"Netherlands","NLD",2010,4588.9326171875,45043.90234375,16682927,34876,"Netherlands","NLD",2010,80.70243835449219,4671.0098,16682927,2545,"Netherlands","NLD",2010,10.16,103,"Netherlands","NLD",98.9
34464,"Netherlands","NLD",2011,4779.3984375,46599.01953125,16738190,34877,"Netherlands","NLD",2011,81.20487976074219,4749.1091,16738190,2546,"Netherlands","NLD",2011,10.23,103,"Netherlands","NLD",98.9
34465,"Netherlands","NLD",2012,4989.36474609375,47272.1015625,16791850,34878,"Netherlands","NLD",2012,81.1048812866211,4850.2599,16791850,2547,"Netherlands","NLD",2012,10.54,103,"Netherlands","NLD",98.9
34466,"Netherlands","NLD",2013,5219.2265625,49241.51953125,16843512,34879,"Netherlands","NLD",2013,81.30487823486328,4851.3257,16843512,2548,"Netherlands","NLD",2013,10.58,103,"Netherlands","NLD",98.9
34467,"Netherlands","NLD",2014,5213.5498046875,49233.21484375,16892517,34880,"Netherlands","NLD",2014,81.70731353759766,4876.8411,16892517,2549,"Netherlands","NLD",2014,10.57,103,"Netherlands","NLD",98.9
34468,"Netherlands","NLD",2015,5203.80419921875,50288.58984375,16938492,34881,"Netherlands","NLD",2015,81.50975799560547,4885.5541,16938492,2550,"Netherlands","NLD",2015,10.32,103,"Netherlands","NLD",98.9
34896,"New Zealand","NZL",2000,1606.5953369140625,21513.703125,3858992,35309,"New Zealand","NZL",2000,78.63658905029297,2009.2265,3858992,2555,"New Zealand","NZL",2000,7.47,104,"New Zealand","NZL",100
34897,"New Zealand","NZL",2001,1693.0455322265625,22508.9375,3907941,35310,"New Zealand","NZL",2001,78.69268035888672,2103.912,3907941,2556,"New Zealand","NZL",2001,7.58,104,"New Zealand","NZL",100
34898,"New Zealand","NZL",2002,1834.4708251953125,23306.279296875,3963202,35311,"New Zealand","NZL",2002,78.84634399414062,2264.4581,3963202,2557,"New Zealand","NZL",2002,7.9,104,"New Zealand","NZL",100
34899,"New Zealand","NZL",2003,1852.58740234375,23973.634765625,4022074,35312,"New Zealand","NZL",2003,79.1463394165039,2268.0002,4022074,2558,"New Zealand","NZL",2003,7.72,104,"New Zealand","NZL",100
34900,"New Zealand","NZL",2004,1984.979736328125,25091.15625,4080421,35313,"New Zealand","NZL",2004,79.54878234863281,2360.5568,4080421,2559,"New Zealand","NZL",2004,7.9,104,"New Zealand","NZL",100
34901,"New Zealand","NZL",2005,2123.635009765625,25677.419921875,4135353,35314,"New Zealand","NZL",2005,79.8512191772461,2525.4906,4135353,2560,"New Zealand","NZL",2005,8.27,104,"New Zealand","NZL",100
34902,"New Zealand","NZL",2006,2395.96826171875,27755.52734375,4185881,35315,"New Zealand","NZL",2006,80.04878234863281,2670.6987,4185881,2561,"New Zealand","NZL",2006,8.64,104,"New Zealand","NZL",100
34903,"New Zealand","NZL",2007,2439.705810546875,29369.80859375,4233046,35316,"New Zealand","NZL",2007,80.1512222290039,2645.6815,4233046,2562,"New Zealand","NZL",2007,8.33,104,"New Zealand","NZL",100
34904,"New Zealand","NZL",2008,2709.70166015625,29827.142578125,4278156,35317,"New Zealand","NZL",2008,80.3512191772461,2837.608,4278156,2563,"New Zealand","NZL",2008,9.12,104,"New Zealand","NZL",100
34905,"New Zealand","NZL",2009,2939.4609375,30681.244140625,4323338,35318,"New Zealand","NZL",2009,80.70243835449219,3028.8743,4323338,2564,"New Zealand","NZL",2009,9.62,104,"New Zealand","NZL",100
34906,"New Zealand","NZL",2010,2983.427978515625,31222.455078125,4370060,35319,"New Zealand","NZL",2010,80.70243835449219,3020.3961,4370060,2565,"New Zealand","NZL",2010,9.59,104,"New Zealand","NZL",100
34907,"New Zealand","NZL",2011,3088.697998046875,32701.37890625,4418674,35320,"New Zealand","NZL",2011,80.90487670898438,3047.9186,4418674,2566,"New Zealand","NZL",2011,9.52,104,"New Zealand","NZL",100
34908,"New Zealand","NZL",2012,3140.933837890625,32988.609375,4468462,35321,"New Zealand","NZL",2012,81.15609741210938,3150.6606,4468462,2567,"New Zealand","NZL",2012,9.65,104,"New Zealand","NZL",100
34909,"New Zealand","NZL",2013,3335.0087890625,36242.62109375,4518519,35322,"New Zealand","NZL",2013,81.40731811523438,3084.7375,4518519,2568,"New Zealand","NZL",2013,9.36,104,"New Zealand","NZL",100
34910,"New Zealand","NZL",2014,3467.033447265625,37293.35546875,4567522,35323,"New Zealand","NZL",2014,81.40487670898438,3128.6987,4567522,2569,"New Zealand","NZL",2014,9.4,104,"New Zealand","NZL",100
34911,"New Zealand","NZL",2015,3475.535400390625,37479.68359375,4614527,35324,"New Zealand","NZL",2015,81.45683288574219,3183.9663,4614527,2570,"New Zealand","NZL",2015,9.28,104,"New Zealand","NZL",100
36833,"Norway","NOR",2000,2857.7734375,36936.48828125,4499375,37246,"Norway","NOR",2000,78.63414764404297,4003.9711,4499375,2675,"Norway","NOR",2000,7.71,109,"Norway","NOR",100
36834,"Norway","NOR",2001,3037.714111328125,37764.30859375,4523139,37247,"Norway","NOR",2001,78.78536224365234,4139.3039,4523139,2676,"Norway","NOR",2001,8.02,109,"Norway","NOR",100
36835,"Norway","NOR",2002,3429.11572265625,37980.35546875,4546017,37248,"Norway","NOR",2002,78.98780822753906,4504.0563,4546017,2677,"Norway","NOR",2002,9,109,"Norway","NOR",100
36836,"Norway","NOR",2003,3562.47216796875,38593.70703125,4570096,37249,"Norway","NOR",2003,79.39024353027344,4633.588,4570096,2678,"Norway","NOR",2003,9.21,109,"Norway","NOR",100
36837,"Norway","NOR",2004,3762.128662109375,42549.9453125,4598210,37250,"Norway","NOR",2004,79.84146118164062,4734.1539,4598210,2679,"Norway","NOR",2004,8.82,109,"Norway","NOR",100
36838,"Norway","NOR",2005,3995.396728515625,47797.53125,4632359,37251,"Norway","NOR",2005,80.04146575927734,4822.7491,4632359,2680,"Norway","NOR",2005,8.33,109,"Norway","NOR",100
36839,"Norway","NOR",2006,4298.705078125,54160.48046875,4672986,37252,"Norway","NOR",2006,80.34390258789062,4846.3557,4672986,2681,"Norway","NOR",2006,7.91,109,"Norway","NOR",100
36840,"Norway","NOR",2007,4524.34033203125,55930.53515625,4719403,37253,"Norway","NOR",2007,80.3951187133789,4965.1445,4719403,2682,"Norway","NOR",2007,8.05,109,"Norway","NOR",100
36841,"Norway","NOR",2008,4945.30029296875,61716.6015625,4771014,37254,"Norway","NOR",2008,80.59268188476562,5149.5973,4771014,2683,"Norway","NOR",2008,7.96,109,"Norway","NOR",100
36842,"Norway","NOR",2009,5058.498046875,55364.21875,4826847,37255,"Norway","NOR",2009,80.79512023925781,5254.0755,4826847,2684,"Norway","NOR",2009,9.07,109,"Norway","NOR",100
36843,"Norway","NOR",2010,5194.986328125,57919.65234375,4885878,37256,"Norway","NOR",2010,80.99755859375,5240.4165,4885878,2685,"Norway","NOR",2010,8.91,109,"Norway","NOR",100
36844,"Norway","NOR",2011,5492.0771484375,62076.7421875,4948335,37257,"Norway","NOR",2011,81.29512023925781,5387.9816,4948335,2686,"Norway","NOR",2011,8.79,109,"Norway","NOR",100
36845,"Norway","NOR",2012,5774.39208984375,65354.77734375,5013716,37258,"Norway","NOR",2012,81.45121765136719,5499.0862,5013716,2687,"Norway","NOR",2012,8.78,109,"Norway","NOR",100
36846,"Norway","NOR",2013,6012.88427734375,66961.25,5079460,37259,"Norway","NOR",2013,81.751220703125,5557.2025,5079460,2688,"Norway","NOR",2013,8.93,109,"Norway","NOR",100
36847,"Norway","NOR",2014,6192.90380859375,65892.6875,5142269,37260,"Norway","NOR",2014,82.0999984741211,5730.1556,5142269,2689,"Norway","NOR",2014,9.34,109,"Norway","NOR",100
36848,"Norway","NOR",2015,6142.4375,60368.921875,5199827,37261,"Norway","NOR",2015,82.30487823486328,5926.4438,5199827,2690,"Norway","NOR",2015,10.13,109,"Norway","NOR",100
39610,"Poland","POL",2000,564.507080078125,10672.12109375,38556699,40023,"Poland","POL",2000,73.748779296875,749.8991,38556699,2855,"Poland","POL",2000,5.29,117,"Poland","POL",97.5
39611,"Poland","POL",2001,630.3539428710938,11119.71484375,38529585,40024,"Poland","POL",2001,74.19999694824219,814.007,38529585,2856,"Poland","POL",2001,5.67,117,"Poland","POL",97.5
39612,"Poland","POL",2002,715.971923828125,11804.2666015625,38488640,40025,"Poland","POL",2002,74.49755859375,889.627,38488640,2857,"Poland","POL",2002,6.07,117,"Poland","POL",97.5
39613,"Poland","POL",2003,730.5986938476562,12288.462890625,38441821,40026,"Poland","POL",2003,74.59756469726562,904.2159,38441821,2858,"Poland","POL",2003,5.95,117,"Poland","POL",97.5
39614,"Poland","POL",2004,782.8330078125,13353.681640625,38399553,40027,"Poland","POL",2004,74.84634399414062,942.0814,38399553,2859,"Poland","POL",2004,5.87,117,"Poland","POL",97.5
39615,"Poland","POL",2005,806.7943115234375,13896.79296875,38368957,40028,"Poland","POL",2005,74.99512481689453,965.1666,38368957,2860,"Poland","POL",2005,5.81,117,"Poland","POL",97.5
39616,"Poland","POL",2006,877.7213745117188,15152.3359375,38354447,40029,"Poland","POL",2006,75.14390563964844,1023.0938,38354447,2861,"Poland","POL",2006,5.8,117,"Poland","POL",97.5
39617,"Poland","POL",2007,985.5712280273438,16802.833984375,38353339,40030,"Poland","POL",2007,75.24390411376953,1107.0177,38353339,2862,"Poland","POL",2007,5.87,117,"Poland","POL",97.5
39618,"Poland","POL",2008,1167.317138671875,18303.353515625,38356786,40031,"Poland","POL",2008,75.54389953613281,1255.96,38356786,2863,"Poland","POL",2008,6.38,117,"Poland","POL",97.5
39619,"Poland","POL",2009,1268.9263916015625,19239.927734375,38351924,40032,"Poland","POL",2009,75.69512176513672,1332.3118,38351924,2864,"Poland","POL",2009,6.59,117,"Poland","POL",97.5
39620,"Poland","POL",2010,1352.959716796875,21072.52734375,38329784,40033,"Poland","POL",2010,76.246337890625,1340.7184,38329784,2865,"Poland","POL",2010,6.41,117,"Poland","POL",97.5
39621,"Poland","POL",2011,1424.4879150390625,22827.697265625,38286824,40034,"Poland","POL",2011,76.69512176513672,1366.5163,38286824,2866,"Poland","POL",2011,6.24,117,"Poland","POL",97.5
39622,"Poland","POL",2012,1477.892822265625,23745.697265625,38227033,40035,"Poland","POL",2012,76.746337890625,1380.6929,38227033,2867,"Poland","POL",2012,6.22,117,"Poland","POL",97.5
39623,"Poland","POL",2013,1575.0455322265625,24567.505859375,38158043,40036,"Poland","POL",2013,77,1455.2589,38158043,2868,"Poland","POL",2013,6.41,117,"Poland","POL",97.5
39624,"Poland","POL",2014,1626.7669677734375,25475.50390625,38091095,40037,"Poland","POL",2014,77.6024398803711,1499.4553,38091095,2869,"Poland","POL",2014,6.39,117,"Poland","POL",97.5
39625,"Poland","POL",2015,1716.8990478515625,26862.052734375,38034076,40038,"Poland","POL",2015,77.45121765136719,1527.8929,38034076,2870,"Poland","POL",2015,6.39,117,"Poland","POL",97.5
39869,"Portugal","PRT",2000,1630.7752685546875,18876.66015625,10297117,40282,"Portugal","PRT",2000,76.31463623046875,2153.7887,10297117,2875,"Portugal","PRT",2000,8.6,118,"Portugal","PRT",100
39870,"Portugal","PRT",2001,1690.455078125,19524.88671875,10341456,40283,"Portugal","PRT",2001,76.81463623046875,2187.8126,10341456,2876,"Portugal","PRT",2001,8.63,118,"Portugal","PRT",100
39871,"Portugal","PRT",2002,1792.9176025390625,20356.646484375,10385993,40284,"Portugal","PRT",2002,77.06585693359375,2232.7837,10385993,2877,"Portugal","PRT",2002,8.79,118,"Portugal","PRT",100
39872,"Portugal","PRT",2003,1903.114501953125,20851.087890625,10429615,40285,"Portugal","PRT",2003,77.21951293945312,2292.0779,10429615,2878,"Portugal","PRT",2003,9.12,118,"Portugal","PRT",100
39873,"Portugal","PRT",2004,2047.789794921875,21477.826171875,10470926,40286,"Portugal","PRT",2004,77.67073059082031,2431.0609,10470926,2879,"Portugal","PRT",2004,9.53,118,"Portugal","PRT",100
39874,"Portugal","PRT",2005,2195.496337890625,22725.27734375,10508494,40287,"Portugal","PRT",2005,78.07073211669922,2481.444,10508494,2880,"Portugal","PRT",2005,9.65,118,"Portugal","PRT",100
39875,"Portugal","PRT",2006,2308.0498046875,24682.71875,10542837,40288,"Portugal","PRT",2006,78.41950988769531,2436.1823,10542837,2881,"Portugal","PRT",2006,9.35,118,"Portugal","PRT",100
39876,"Portugal","PRT",2007,2380.24755859375,25733.126953125,10573150,40289,"Portugal","PRT",2007,78.32195281982422,2472.8037,10573150,2882,"Portugal","PRT",2007,9.25,118,"Portugal","PRT",100
39877,"Portugal","PRT",2008,2556.57958984375,26665.837890625,10595312,40290,"Portugal","PRT",2008,78.5243911743164,2552.405,10595312,2883,"Portugal","PRT",2008,9.58,118,"Portugal","PRT",100
39878,"Portugal","PRT",2009,2683.77392578125,26458.91015625,10604066,40291,"Portugal","PRT",2009,78.7268295288086,2613.2917,10604066,2884,"Portugal","PRT",2009,10.13,118,"Portugal","PRT",100
39879,"Portugal","PRT",2010,2737.04541015625,27261.953125,10596055,40292,"Portugal","PRT",2010,79.0268325805664,2645.6631,10596055,2885,"Portugal","PRT",2010,10.03,118,"Portugal","PRT",100
39880,"Portugal","PRT",2011,2601.130126953125,26769.51171875,10569388,40293,"Portugal","PRT",2011,80.47073364257812,2524.7798,10569388,2886,"Portugal","PRT",2011,9.73,118,"Portugal","PRT",100
39881,"Portugal","PRT",2012,2545.63720703125,26438.015625,10526308,40294,"Portugal","PRT",2012,80.3731689453125,2386.2305,10526308,2887,"Portugal","PRT",2012,9.65,118,"Portugal","PRT",100
39882,"Portugal","PRT",2013,2619.8330078125,27936.0390625,10473025,40295,"Portugal","PRT",2013,80.72195434570312,2306.5946,10473025,2888,"Portugal","PRT",2013,9.4,118,"Portugal","PRT",100
39883,"Portugal","PRT",2014,2678.614501953125,28742.439453125,10418224,40296,"Portugal","PRT",2014,81.1219482421875,2312.9412,10418224,2889,"Portugal","PRT",2014,9.34,118,"Portugal","PRT",100
39884,"Portugal","PRT",2015,2758.884521484375,29660.896484375,10368346,40297,"Portugal","PRT",2015,81.1243896484375,2319.3756,10368346,2890,"Portugal","PRT",2015,9.32,118,"Portugal","PRT",100
45025,"Slovenia","SVN",2000,1406.26513671875,18001.228515625,1987710,45484,"Slovenia","SVN",2000,75.41219329833984,1775.6261,1987710,3235,"Slovenia","SVN",2000,7.8,132,"Slovenia","SVN",100
45026,"Slovenia","SVN",2001,1494.48486328125,18948.203125,1987457,45485,"Slovenia","SVN",2001,75.75853729248047,1891.9529,1987457,3236,"Slovenia","SVN",2001,7.88,132,"Slovenia","SVN",100
45027,"Slovenia","SVN",2002,1624.0223388671875,20241.525390625,1987265,45486,"Slovenia","SVN",2002,76.00731658935547,1864.5666,1987265,3237,"Slovenia","SVN",2002,8.02,132,"Slovenia","SVN",100
45028,"Slovenia","SVN",2003,1708.695068359375,21112.375,1987855,45487,"Slovenia","SVN",2003,76.85853576660156,1936.9238,1987855,3238,"Slovenia","SVN",2003,8.1,132,"Slovenia","SVN",100
45029,"Slovenia","SVN",2004,1806.149169921875,22760.947265625,1990226,45488,"Slovenia","SVN",2004,77.20731353759766,1981.1986,1990226,3239,"Slovenia","SVN",2004,7.94,132,"Slovenia","SVN",100
45030,"Slovenia","SVN",2005,1910.0029296875,23852.642578125,1994979,45489,"Slovenia","SVN",2005,77.61219787597656,2066.8623,1994979,3240,"Slovenia","SVN",2005,8,132,"Slovenia","SVN",100
45031,"Slovenia","SVN",2006,2012.9945068359373,25720.44921875,2002427,45490,"Slovenia","SVN",2006,78.08658599853516,2132.2841,2002427,3241,"Slovenia","SVN",2006,7.82,132,"Slovenia","SVN",100
45032,"Slovenia","SVN",2007,2076.359375,27570.14453125,2012128,45491,"Slovenia","SVN",2007,78.56097412109375,2178.1724,2012128,3242,"Slovenia","SVN",2007,7.51,132,"Slovenia","SVN",100
45033,"Slovenia","SVN",2008,2338.0966796875,29604.291015625,2023049,45492,"Slovenia","SVN",2008,78.76585388183594,2352.881,2023049,3243,"Slovenia","SVN",2008,7.85,132,"Slovenia","SVN",100
45034,"Slovenia","SVN",2009,2362.13427734375,27537.7578125,2033807,45493,"Slovenia","SVN",2009,78.97073364257812,2345.0101,2033807,3244,"Slovenia","SVN",2009,8.54,132,"Slovenia","SVN",100
45035,"Slovenia","SVN",2010,2387.07373046875,27826.873046875,2043336,45494,"Slovenia","SVN",2010,79.42195129394531,2363.6692,2043336,3245,"Slovenia","SVN",2010,8.57,132,"Slovenia","SVN",100
45036,"Slovenia","SVN",2011,2472.896728515625,28931.3828125,2051277,45495,"Slovenia","SVN",2011,79.97073364257812,2368.1191,2051277,3246,"Slovenia","SVN",2011,8.54,132,"Slovenia","SVN",100
45037,"Slovenia","SVN",2012,2533.160400390625,29042.8203125,2057826,45496,"Slovenia","SVN",2012,80.1243896484375,2350.1776,2057826,3247,"Slovenia","SVN",2012,8.72,132,"Slovenia","SVN",100
45038,"Slovenia","SVN",2013,2621.22412109375,29973.69921875,2063120,45497,"Slovenia","SVN",2013,80.32195281982422,2329.7555,2063120,3248,"Slovenia","SVN",2013,8.74,132,"Slovenia","SVN",100
45039,"Slovenia","SVN",2014,2625.701904296875,30870.0234375,2067487,45498,"Slovenia","SVN",2014,81.07804870605469,2340.6884,2067487,3249,"Slovenia","SVN",2014,8.5,132,"Slovenia","SVN",100
45040,"Slovenia","SVN",2015,2688.697509765625,31628.248046875,2071199,45499,"Slovenia","SVN",2015,80.7756118774414,2353.321,2071199,3250,"Slovenia","SVN",2015,8.5,132,"Slovenia","SVN",100
46829,"Spain","ESP",2000,1471.7430419921875,21584.251953125,40824745,47318,"Spain","ESP",2000,78.96585083007812,2049.5785,40824745,3338,"Spain","ESP",2000,6.8,135,"Spain","ESP",99.2
46830,"Spain","ESP",2001,1561.15673828125,22949.181640625,41319431,47319,"Spain","ESP",2001,79.36829376220703,2095.6373,41319431,3339,"Spain","ESP",2001,6.77,135,"Spain","ESP",99.2
46831,"Spain","ESP",2002,1673.4027099609375,24371.599609375,41919593,47320,"Spain","ESP",2002,79.56829071044922,2127.0201,41919593,3340,"Spain","ESP",2002,6.8,135,"Spain","ESP",99.2
46832,"Spain","ESP",2003,1908.7960205078125,25046.111328125,42596455,47321,"Spain","ESP",2003,79.61951446533203,2385.9139,42596455,3341,"Spain","ESP",2003,7.56,135,"Spain","ESP",99.2
46833,"Spain","ESP",2004,2018.321533203125,26143.6328125,43308345,47322,"Spain","ESP",2004,79.87073516845703,2447.9456,43308345,3342,"Spain","ESP",2004,7.66,135,"Spain","ESP",99.2
46834,"Spain","ESP",2005,2152.146484375,27606.93359375,44019118,47323,"Spain","ESP",2005,80.17073059082031,2515.3131,44019118,3343,"Spain","ESP",2005,7.73,135,"Spain","ESP",99.2
46835,"Spain","ESP",2006,2423.04736328125,30720.22265625,44728561,47324,"Spain","ESP",2006,80.82195281982422,2602.8273,44728561,3344,"Spain","ESP",2006,7.83,135,"Spain","ESP",99.2
46836,"Spain","ESP",2007,2593.28515625,32469.53125,45429071,47325,"Spain","ESP",2007,80.8731689453125,2679.2603,45429071,3345,"Spain","ESP",2007,7.92,135,"Spain","ESP",99.2
46837,"Spain","ESP",2008,2805.496337890625,33263.2734375,46068811,47326,"Spain","ESP",2008,81.17561340332031,2820.1949,46068811,3346,"Spain","ESP",2008,8.38,135,"Spain","ESP",99.2
46838,"Spain","ESP",2009,2932.650390625,32092.365234375,46583566,47327,"Spain","ESP",2009,81.4756088256836,2919.5785,46583566,3347,"Spain","ESP",2009,9.11,135,"Spain","ESP",99.2
46839,"Spain","ESP",2010,2896.830322265625,31682.712890625,46931011,47328,"Spain","ESP",2010,81.6268310546875,2917.9495,46931011,3348,"Spain","ESP",2010,9.12,135,"Spain","ESP",99.2
46840,"Spain","ESP",2011,2926.5732421875,31867.97265625,47084242,47329,"Spain","ESP",2011,82.4756088256836,2902.7335,47084242,3349,"Spain","ESP",2011,9.17,135,"Spain","ESP",99.2
46841,"Spain","ESP",2012,2901.80712890625,31720.119140625,47063059,47330,"Spain","ESP",2012,82.42682647705078,2824.2009,47063059,3350,"Spain","ESP",2012,9.16,135,"Spain","ESP",99.2
46842,"Spain","ESP",2013,2934.126220703125,32434.00390625,46930554,47331,"Spain","ESP",2013,83.07804870605469,2755.9181,46930554,3351,"Spain","ESP",2013,9.07,135,"Spain","ESP",99.2
46843,"Spain","ESP",2014,3045.224853515625,33525.7421875,46777927,47332,"Spain","ESP",2014,83.2292709350586,2830.0676,46777927,3352,"Spain","ESP",2014,9.09,135,"Spain","ESP",99.2
46844,"Spain","ESP",2015,3184.994873046875,34903.12890625,46671919,47333,"Spain","ESP",2015,82.83171081542969,2896.8668,46671919,3353,"Spain","ESP",2015,9.13,135,"Spain","ESP",99.2
47949,"Sweden","SWE",2000,2173.66259765625,29618.279296875,8881642,48468,"Sweden","SWE",2000,79.64390563964844,2656.362,8881642,3418,"Sweden","SWE",2000,7.33,138,"Sweden","SWE",100
47950,"Sweden","SWE",2001,2368.908203125,29927.599609375,8897802,48469,"Sweden","SWE",2001,79.79512023925781,2916.3359,8897802,3419,"Sweden","SWE",2001,7.9,138,"Sweden","SWE",100
47951,"Sweden","SWE",2002,2543.5966796875,30926.505859375,8920703,48470,"Sweden","SWE",2002,79.84634399414062,3088.2543,8920703,3420,"Sweden","SWE",2002,8.21,138,"Sweden","SWE",100
47952,"Sweden","SWE",2003,2648.55029296875,31814.86328125,8951439,48471,"Sweden","SWE",2003,80.09512329101562,3188.528,8951439,3421,"Sweden","SWE",2003,8.32,138,"Sweden","SWE",100
47953,"Sweden","SWE",2004,2755.768310546875,33858.61328125,8990653,48472,"Sweden","SWE",2004,80.49755859375,3233.9575,8990653,3422,"Sweden","SWE",2004,8.13,138,"Sweden","SWE",100
47954,"Sweden","SWE",2005,2796.842041015625,34244.46484375,9038627,48473,"Sweden","SWE",2005,80.54634094238281,3318.2521,9038627,3423,"Sweden","SWE",2005,8.15,138,"Sweden","SWE",100
47955,"Sweden","SWE",2006,3045.052490234375,37730.1640625,9096170,48474,"Sweden","SWE",2006,80.748779296875,3405.7841,9096170,3424,"Sweden","SWE",2006,8.05,138,"Sweden","SWE",100
47956,"Sweden","SWE",2007,3279.324951171875,40905.14453125,9162941,48475,"Sweden","SWE",2007,80.9000015258789,3458.3971,9162941,3425,"Sweden","SWE",2007,8,138,"Sweden","SWE",100
47957,"Sweden","SWE",2008,3474.288818359375,42158.296875,9236433,48476,"Sweden","SWE",2008,81.0999984741211,3513.5332,9236433,3426,"Sweden","SWE",2008,8.21,138,"Sweden","SWE",100
47958,"Sweden","SWE",2009,3551.3671875,40279.4609375,9313085,48477,"Sweden","SWE",2009,81.3512191772461,3553.986,9313085,3427,"Sweden","SWE",2009,8.77,138,"Sweden","SWE",100
47959,"Sweden","SWE",2010,3529.65234375,42223.91796875,9390157,48478,"Sweden","SWE",2010,81.45121765136719,3543.5822,9390157,3428,"Sweden","SWE",2010,8.32,138,"Sweden","SWE",100
47960,"Sweden","SWE",2011,4663.2412109375,44608.58203125,9466705,48479,"Sweden","SWE",2011,81.80243682861328,4543.4803,9466705,3429,"Sweden","SWE",2011,10.42,138,"Sweden","SWE",100
47961,"Sweden","SWE",2012,4896.0234375,45432.43359375,9542817,48480,"Sweden","SWE",2012,81.70487976074219,4606.2456,9542817,3430,"Sweden","SWE",2012,10.74,138,"Sweden","SWE",100
47962,"Sweden","SWE",2013,5073.837890625,46312.390625,9618016,48481,"Sweden","SWE",2013,81.95610046386719,4693.0745,9618016,3431,"Sweden","SWE",2013,10.9,138,"Sweden","SWE",100
47963,"Sweden","SWE",2014,5193.2001953125,47184.66796875,9692137,48482,"Sweden","SWE",2014,82.253662109375,4786.5334,9692137,3432,"Sweden","SWE",2014,10.95,138,"Sweden","SWE",100
47964,"Sweden","SWE",2015,5333.40234375,49103.1328125,9764949,48483,"Sweden","SWE",2015,82.20487976074219,4906.8583,9764949,3433,"Sweden","SWE",2015,10.8,138,"Sweden","SWE",100
48208,"Switzerland","CHE",2000,3362.197998046875,36772.6953125,7143764,48727,"Switzerland","CHE",2000,79.68048858642578,4344.558,7143764,3438,"Switzerland","CHE",2000,9.11,139,"Switzerland","CHE",100
48209,"Switzerland","CHE",2001,3591.506103515625,37896.6953125,7179174,48728,"Switzerland","CHE",2001,80.18048858642578,4545.3768,7179174,3439,"Switzerland","CHE",2001,9.44,139,"Switzerland","CHE",100
48210,"Switzerland","CHE",2002,3839.387451171875,38814.37109375,7220378,48729,"Switzerland","CHE",2002,80.38536834716797,4706.3575,7220378,3440,"Switzerland","CHE",2002,9.85,139,"Switzerland","CHE",100
48211,"Switzerland","CHE",2003,3936.0126953125,38840.8828125,7268363,48730,"Switzerland","CHE",2003,80.53658294677734,4811.0269,7268363,3441,"Switzerland","CHE",2003,10.11,139,"Switzerland","CHE",100
48212,"Switzerland","CHE",2004,4119.0419921875,40336.41015625,7323728,48731,"Switzerland","CHE",2004,81.08780670166016,4928.0873,7323728,3442,"Switzerland","CHE",2004,10.18,139,"Switzerland","CHE",100
48213,"Switzerland","CHE",2005,4189.0654296875,41749.21484375,7386818,48732,"Switzerland","CHE",2005,81.23658752441406,4964.2494,7386818,3443,"Switzerland","CHE",2005,10,139,"Switzerland","CHE",100
48214,"Switzerland","CHE",2006,4442.11279296875,46502.9296875,7457961,48733,"Switzerland","CHE",2006,81.49024200439453,4906.6836,7457961,3444,"Switzerland","CHE",2006,9.53,139,"Switzerland","CHE",100
48215,"Switzerland","CHE",2007,4816.11865234375,51208.09765625,7536986,48734,"Switzerland","CHE",2007,81.74146270751953,4975.4899,7536986,3445,"Switzerland","CHE",2007,9.36,139,"Switzerland","CHE",100
48216,"Switzerland","CHE",2008,5165.47509765625,54096.80859375,7622826,48735,"Switzerland","CHE",2008,81.99268341064453,5100.4791,7622826,3446,"Switzerland","CHE",2008,9.48,139,"Switzerland","CHE",100
48217,"Switzerland","CHE",2009,5405.509765625,53354.00390625,7713902,48736,"Switzerland","CHE",2009,82.04389953613281,5236.1522,7713902,3447,"Switzerland","CHE",2009,10.07,139,"Switzerland","CHE",100
48218,"Switzerland","CHE",2010,5485.37939453125,54858.44921875,7808674,48737,"Switzerland","CHE",2010,82.246337890625,5371.4504,7808674,3448,"Switzerland","CHE",2010,9.94,139,"Switzerland","CHE",100
48219,"Switzerland","CHE",2011,5841.04296875,57987.50390625,7906988,48738,"Switzerland","CHE",2011,82.69512176513672,5485.8134,7906988,3449,"Switzerland","CHE",2011,10.02,139,"Switzerland","CHE",100
48220,"Switzerland","CHE",2012,6175.03369140625,59933.59765625,8008006,48739,"Switzerland","CHE",2012,82.69756317138672,5687.2677,8008006,3450,"Switzerland","CHE",2012,10.25,139,"Switzerland","CHE",100
48221,"Switzerland","CHE",2013,6550.80078125,62225.0859375,8108876,48740,"Switzerland","CHE",2013,82.79756164550781,5818.7818,8108876,3451,"Switzerland","CHE",2013,10.46,139,"Switzerland","CHE",100
48222,"Switzerland","CHE",2014,6846.42919921875,64103.01171875,8206003,48741,"Switzerland","CHE",2014,83.19756317138672,5971.8173,8206003,3452,"Switzerland","CHE",2014,10.62,139,"Switzerland","CHE",100
48223,"Switzerland","CHE",2015,7306.93310546875,66020.203125,8296775,48742,"Switzerland","CHE",2015,82.8975601196289,6062.2568,8296775,3453,"Switzerland","CHE",2015,11.01,139,"Switzerland","CHE",100
51102,"Turkey","TUR",2000,443.0808410644531,9628.9150390625,63240196,51621,"Turkey","TUR",2000,70.00499725341797,575.1512,63240196,3628,"Turkey","TUR",2000,4.6,147,"Turkey","TUR",86
51103,"Turkey","TUR",2001,453.8005065917969,9280.2529296875,64192243,51622,"Turkey","TUR",2001,70.55999755859375,582.2162,64192243,3629,"Turkey","TUR",2001,4.89,147,"Turkey","TUR",86
51104,"Turkey","TUR",2002,475.91644287109375,9401.2314453125,65145357,51623,"Turkey","TUR",2002,71.0780029296875,634.4325,65145357,3630,"Turkey","TUR",2002,5.06,147,"Turkey","TUR",86
51105,"Turkey","TUR",2003,485.8796997070313,9699.923828125,66089402,51624,"Turkey","TUR",2003,71.55899810791016,656.849,66089402,3631,"Turkey","TUR",2003,5.01,147,"Turkey","TUR",86
51106,"Turkey","TUR",2004,538.6209106445312,10979.76953125,67010929,51625,"Turkey","TUR",2004,72.00399780273438,697.9255,67010929,3632,"Turkey","TUR",2004,4.91,147,"Turkey","TUR",86
51107,"Turkey","TUR",2005,587.4558715820312,12003.84765625,67903461,51626,"Turkey","TUR",2005,72.42400360107422,748.9754,67903461,3633,"Turkey","TUR",2005,4.89,147,"Turkey","TUR",86
51108,"Turkey","TUR",2006,706.536376953125,13748.4365234375,68756809,51627,"Turkey","TUR",2006,72.83000183105469,832.1519,68756809,3634,"Turkey","TUR",2006,5.15,147,"Turkey","TUR",86
51109,"Turkey","TUR",2007,783.9627075195312,14986.1494140625,69581854,51628,"Turkey","TUR",2007,73.23500061035156,878.5876,69581854,3635,"Turkey","TUR",2007,5.24,147,"Turkey","TUR",86
51110,"Turkey","TUR",2008,844.340087890625,16182.48046875,70418612,51629,"Turkey","TUR",2008,73.64900207519531,871.6667,70418612,3636,"Turkey","TUR",2008,5.22,147,"Turkey","TUR",86
51111,"Turkey","TUR",2009,857.6448364257812,15597.9970703125,71321406,51630,"Turkey","TUR",2009,74.0739974975586,862.9134,71321406,3637,"Turkey","TUR",2009,5.49,147,"Turkey","TUR",86
51112,"Turkey","TUR",2010,881.384521484375,17542.197265625,72326992,51631,"Turkey","TUR",2010,74.50700378417969,852.6704,72326992,3638,"Turkey","TUR",2010,5.02,147,"Turkey","TUR",86
51113,"Turkey","TUR",2011,921.2630615234376,19799.115234375,73443254,51632,"Turkey","TUR",2011,74.94400024414062,862.9516,73443254,3639,"Turkey","TUR",2011,4.65,147,"Turkey","TUR",86
51114,"Turkey","TUR",2012,923.2225341796876,20772.498046875,74651046,51633,"Turkey","TUR",2012,75.37300109863281,856.9456,74651046,3640,"Turkey","TUR",2012,4.44,147,"Turkey","TUR",86
51115,"Turkey","TUR",2013,980.7960205078124,22438.71484375,75925454,51634,"Turkey","TUR",2013,75.78399658203125,903.5676,75925454,3641,"Turkey","TUR",2013,4.37,147,"Turkey","TUR",86
51116,"Turkey","TUR",2014,1041.94580078125,24090.236328125,77229262,51635,"Turkey","TUR",2014,76.1719970703125,917.6357,77229262,3642,"Turkey","TUR",2014,4.33,147,"Turkey","TUR",86
51117,"Turkey","TUR",2015,1060.242431640625,25753.390625,78529413,51636,"Turkey","TUR",2015,76.53199768066406,974.8436,78529413,3643,"Turkey","TUR",2015,4.12,147,"Turkey","TUR",86
52725,"United Kingdom","GBR",2000,1904.53564453125,26472.193359375,58923305,53244,"United Kingdom","GBR",2000,77.74146270751953,2044.202,58923305,3748,"United Kingdom","GBR",2000,7.2,152,"United Kingdom","GBR",100
52726,"United Kingdom","GBR",2001,2102.662841796875,27807.169921875,59124277,53245,"United Kingdom","GBR",2001,77.99268341064453,2204.104,59124277,3749,"United Kingdom","GBR",2001,7.57,152,"United Kingdom","GBR",100
52727,"United Kingdom","GBR",2002,2307.854736328125,29062.123046875,59326294,53246,"United Kingdom","GBR",2002,78.14390563964844,2335.376,59326294,3750,"United Kingdom","GBR",2002,7.94,152,"United Kingdom","GBR",100
52728,"United Kingdom","GBR",2003,2458.642578125,30355.283203125,59561429,53247,"United Kingdom","GBR",2003,78.44634246826172,2487.615,59561429,3751,"United Kingdom","GBR",2003,8.11,152,"United Kingdom","GBR",100
52729,"United Kingdom","GBR",2004,2685.32373046875,32058.416015625,59872760,53248,"United Kingdom","GBR",2004,78.746337890625,2606.135,59872760,3752,"United Kingdom","GBR",2004,8.39,152,"United Kingdom","GBR",100
52730,"United Kingdom","GBR",2005,2761.29736328125,32747.353515625,60287953,53249,"United Kingdom","GBR",2005,79.04878234863281,2712.273,60287953,3753,"United Kingdom","GBR",2005,8.44,152,"United Kingdom","GBR",100
52731,"United Kingdom","GBR",2006,2994.52880859375,34845.58984375,60821349,53250,"United Kingdom","GBR",2006,79.248779296875,2812.727,60821349,3754,"United Kingdom","GBR",2006,8.61,152,"United Kingdom","GBR",100
52732,"United Kingdom","GBR",2007,3132.0234375,35695.296875,61455154,53251,"United Kingdom","GBR",2007,79.44878387451172,2894.783,61455154,3755,"United Kingdom","GBR",2007,8.79,152,"United Kingdom","GBR",100
52733,"United Kingdom","GBR",2008,3334.318603515625,36863.5859375,62145098,53252,"United Kingdom","GBR",2008,79.5999984741211,2945.846,62145098,3756,"United Kingdom","GBR",2008,9.06,152,"United Kingdom","GBR",100
52734,"United Kingdom","GBR",2009,3475.684326171875,35212.421875,62828620,53253,"United Kingdom","GBR",2009,80.05121612548828,3085.415,62828620,3757,"United Kingdom","GBR",2009,9.88,152,"United Kingdom","GBR",100
52735,"United Kingdom","GBR",2010,3601.096923828125,36576.5859375,63459801,53254,"United Kingdom","GBR",2010,80.40243530273438,3036.12,63459801,3758,"United Kingdom","GBR",2010,9.84,152,"United Kingdom","GBR",100
52736,"United Kingdom","GBR",2011,3674.361328125,37379.2890625,64021922,53255,"United Kingdom","GBR",2011,80.95121765136719,3063.044,64021922,3759,"United Kingdom","GBR",2011,9.85,152,"United Kingdom","GBR",100
52737,"United Kingdom","GBR",2012,3809.3623046875,38514.02734375,64525300,53256,"United Kingdom","GBR",2012,80.90487670898438,3099.058,64525300,3760,"United Kingdom","GBR",2012,9.91,152,"United Kingdom","GBR",100
52738,"United Kingdom","GBR",2013,3997.30029296875,40218.74609375,64984015,53257,"United Kingdom","GBR",2013,81.00487518310547,3673.108,64984015,3761,"United Kingdom","GBR",2013,9.98,152,"United Kingdom","GBR",100
52739,"United Kingdom","GBR",2014,4124.46435546875,41580.6015625,65423048,53258,"United Kingdom","GBR",2014,81.30487823486328,3731.278,65423048,3762,"United Kingdom","GBR",2014,9.95,152,"United Kingdom","GBR",100
52740,"United Kingdom","GBR",2015,4231.580078125,42912.875,65860149,53259,"United Kingdom","GBR",2015,80.95610046386719,3755.9433,65860149,3763,"United Kingdom","GBR",2015,9.9,152,"United Kingdom","GBR",100
52985,"United States","USA",2000,4543.43603515625,36334.91015625,281710914,53504,"United States","USA",2000,76.63658905029297,5635.34,281710914,3768,"United States","USA",2000,12.48,153,"United States","USA",84
52986,"United States","USA",2001,4894.28076171875,37133.2421875,284607992,53505,"United States","USA",2001,76.83658599853516,5934.7847,284607992,3769,"United States","USA",2001,13.16,153,"United States","USA",84
52987,"United States","USA",2002,5322.7421875,38023.16015625,287279312,53506,"United States","USA",2002,76.93658447265625,6341.6322,287279312,3770,"United States","USA",2002,13.98,153,"United States","USA",84
52988,"United States","USA",2003,5732.2294921875,39496.484375,289815567,53507,"United States","USA",2003,77.03658294677734,6695.7248,289815567,3771,"United States","USA",2003,14.5,153,"United States","USA",84
52989,"United States","USA",2004,6097.28759765625,41712.80078125,292354663,53508,"United States","USA",2004,77.48780822753906,6924.3707,292354663,3772,"United States","USA",2004,14.59,153,"United States","USA",84
52990,"United States","USA",2005,6454.40380859375,44114.74609375,294993509,53509,"United States","USA",2005,77.48780822753906,7092.7348,294993509,3773,"United States","USA",2005,14.61,153,"United States","USA",84
52991,"United States","USA",2006,6828.61572265625,46298.73046875,297758977,53510,"United States","USA",2006,77.68780517578125,7269.6777,297758977,3774,"United States","USA",2006,14.72,153,"United States","USA",84
52992,"United States","USA",2007,7181.89208984375,47975.96875,300608425,53511,"United States","USA",2007,77.98780822753906,7449.0334,300608425,3775,"United States","USA",2007,14.94,153,"United States","USA",84
52993,"United States","USA",2008,7401.369140625,48382.55859375,303486022,53512,"United States","USA",2008,78.03902435302734,7561.5873,303486022,3776,"United States","USA",2008,15.27,153,"United States","USA",84
52994,"United States","USA",2009,7657.55908203125,47099.98046875,306307565,53513,"United States","USA",2009,78.39024353027344,7778.6191,306307565,3777,"United States","USA",2009,16.23,153,"United States","USA",84
52995,"United States","USA",2010,7888.35205078125,48466.65625,309011469,53514,"United States","USA",2010,78.54146575927734,7929.372,309011469,3778,"United States","USA",2010,16.26,153,"United States","USA",84
52996,"United States","USA",2011,8080.21484375,49882.55859375,311584051,53515,"United States","USA",2011,78.64146423339844,8005.7887,311584051,3779,"United States","USA",2011,16.2,153,"United States","USA",84
52997,"United States","USA",2012,8342.580078125,51602.9296875,314043885,53516,"United States","USA",2012,78.74146270751953,8103.3367,314043885,3780,"United States","USA",2012,16.18,153,"United States","USA",84
52998,"United States","USA",2013,8522.1259765625,53106.53515625,316400539,53517,"United States","USA",2013,78.74146270751953,8157.4229,316400539,3781,"United States","USA",2013,16.06,153,"United States","USA",84
52999,"United States","USA",2014,8939.396484375,55049.98828125,318673422,53518,"United States","USA",2014,78.84146118164062,8404.4305,318673422,3782,"United States","USA",2014,16.25,153,"United States","USA",84
53000,"United States","USA",2015,9392.06640625,56863.37109375,320878312,53519,"United States","USA",2015,78.69024658203125,8714.8975,320878312,3783,"United States","USA",2015,16.52,153,"United States","USA",84
