,Entity,Code,Year_2,"Life expectancy at birth, total (years)",Health_Expenditure_and_Financing_per_capita_OECDstat_2017,Population (historical estimates)
2945,Australia,AUS,1971,71.06829071044922,982.3137,13033130.0
2946,Australia,AUS,1972,71.45755767822266,989.9003,13244163.0
2947,Australia,AUS,1973,71.84683227539062,1007.0003,13431790.0
2948,Australia,AUS,1974,72.23609924316406,1138.423,13605574.0
2949,Australia,AUS,1975,72.6253662109375,1299.7468,13773290.0
2950,Australia,AUS,1976,73.01463317871094,1337.0718,13935722.0
2951,Australia,AUS,1977,73.34439086914062,1403.1552,14092545.0
2952,Australia,AUS,1978,73.67414855957031,1410.1761,14249403.0
2953,Australia,AUS,1979,74.00390625,1410.7119,14413002.0
2954,Australia,AUS,1980,74.33365631103516,1440.4453,14588400.0
2955,Australia,AUS,1981,74.66341400146484,1467.8877,14777241.0
2956,Australia,AUS,1982,74.90487670898438,1475.0446,14979203.0
2957,Australia,AUS,1983,75.1463394165039,1508.2358,15194644.0
2958,Australia,AUS,1984,75.38780212402344,1561.121,15423156.0
2959,Australia,AUS,1985,75.62926483154297,1617.1644,15663672.0
2960,Australia,AUS,1986,75.87073516845703,1688.0412,15917580.0
2961,Australia,AUS,1987,76.1517105102539,1712.2838,16183159.0
2962,Australia,AUS,1988,76.43268585205078,1736.7152,16452258.0
2963,Australia,AUS,1989,76.71366119384766,1783.3481,16713989.0
2964,Australia,AUS,1990,76.99463653564453,1853.1596,16960600.0
2965,Australia,AUS,1991,77.2756118774414,1920.2033,17189235.0
2966,Australia,AUS,1992,77.3780517578125,1994.4415,17402179.0
2967,Australia,AUS,1993,77.8780517578125,2060.3732,17603211.0
2968,Australia,AUS,1994,77.8780517578125,2129.3472,17798526.0
2969,Australia,AUS,1995,77.82926940917969,2202.176,17993083.0
2970,Australia,AUS,1996,78.07804870605469,2307.517,18189274.0
2971,Australia,AUS,1997,78.48048400878906,2392.0429,18387205.0
2972,Australia,AUS,1998,78.63170623779297,2543.6197,18587027.0
2973,Australia,AUS,1999,78.93170928955078,2646.7086,18788187.0
2974,Australia,AUS,2000,79.23414611816406,2767.6725,18991434.0
2975,Australia,AUS,2001,79.63414764404297,2872.3738,19194676.0
2976,Australia,AUS,2002,79.93658447265625,2999.5093,19401366.0
2977,Australia,AUS,2003,80.23902130126953,3090.6573,19624163.0
2978,Australia,AUS,2004,80.49024200439453,3240.3186,19879654.0
2979,Australia,AUS,2005,80.84146118164062,3242.9106,20178543.0
2980,Australia,AUS,2006,81.04146575927734,3323.2565,20526300.0
2981,Australia,AUS,2007,81.29268646240234,3415.193,20916339.0
2982,Australia,AUS,2008,81.3951187133789,3494.4375,21332293.0
2983,Australia,AUS,2009,81.54389953613281,3629.7041,21750852.0
2984,Australia,AUS,2010,81.69512176513672,3607.3407,22154687.0
2985,Australia,AUS,2011,81.8951187133789,3738.1767,22538002.0
2986,Australia,AUS,2012,82.04634094238281,3831.3635,22903951.0
2987,Australia,AUS,2013,82.1487808227539,3901.7343,23254912.0
2988,Australia,AUS,2014,82.30000305175781,4009.8881,23596426.0
2989,Australia,AUS,2015,82.4000015258789,4164.2213,23932499.0
3203,Austria,AUT,1970,69.91463470458984,849.863,7516238.0
3204,Austria,AUT,1971,70.11463165283203,876.7198,7550339.0
3205,Austria,AUT,1972,70.46341705322266,924.9049,7581120.0
3206,Austria,AUT,1973,71.01463317871094,983.3833,7607067.0
3207,Austria,AUT,1974,71.01219177246094,1068.3942,7626290.0
3208,Austria,AUT,1975,71.11463165283203,1365.5542,7637686.0
3209,Austria,AUT,1976,71.56585693359375,1481.9085,7640755.0
3210,Austria,AUT,1977,71.91463470458984,1543.0276,7636573.0
3211,Austria,AUT,1978,72.01219177246094,1602.6562,7627762.0
3212,Austria,AUT,1979,72.31219482421875,1685.3273,7617883.0
3213,Austria,AUT,1980,72.46341705322266,1738.9518,7609750.0
3214,Austria,AUT,1981,72.81219482421875,1485.8219,7604512.0
3215,Austria,AUT,1982,72.96097564697266,1508.3548,7602177.0
3216,Austria,AUT,1983,73.01219177246094,1512.4136,7603100.0
3217,Austria,AUT,1984,73.61219787597656,1525.3671,7607296.0
3218,Austria,AUT,1985,73.81463623046875,1597.0039,7614874.0
3219,Austria,AUT,1986,74.31707000732422,1661.8794,7625395.0
3220,Austria,AUT,1987,74.76829528808594,1763.1259,7639351.0
3221,Austria,AUT,1988,75.21707153320312,1816.3715,7658856.0
3222,Austria,AUT,1989,75.26585388183594,1920.5468,7686564.0
3223,Austria,AUT,1990,75.56829071044922,2347.0307,7723954.0
3224,Austria,AUT,1991,75.61707305908203,2423.6339,7772698.0
3225,Austria,AUT,1992,75.81707000732422,2540.0944,7830938.0
3226,Austria,AUT,1993,76.06829071044922,2696.6659,7892089.0
3227,Austria,AUT,1994,76.41950988769531,2875.3106,7947215.0
3228,Austria,AUT,1995,76.66828918457031,2925.7651,7990113.0
3229,Austria,AUT,1996,76.87073516845703,2978.1928,8017852.0
3230,Austria,AUT,1997,77.31951141357422,3074.4388,8032873.0
3231,Austria,AUT,1998,77.67073059082031,3240.746,8041054.0
3232,Austria,AUT,1999,77.8756103515625,3404.3271,8051116.0
3233,Austria,AUT,2000,78.1268310546875,3472.7366,8069276.0
3234,Austria,AUT,2001,78.57560729980469,3531.3159,8097755.0
3235,Austria,AUT,2002,78.67804718017578,3620.3297,8134403.0
3236,Austria,AUT,2003,78.63170623779297,3695.6138,8175855.0
3237,Austria,AUT,2004,79.18048858642578,3797.4718,8216809.0
3238,Austria,AUT,2005,79.33171081542969,3826.3191,8253656.0
3239,Austria,AUT,2006,79.88048553466797,3893.9178,8285344.0
3240,Austria,AUT,2007,80.18048858642578,4020.3699,8313731.0
3241,Austria,AUT,2008,80.43170928955078,4136.9982,8341525.0
3242,Austria,AUT,2009,80.33171081542969,4178.429,8372657.0
3243,Austria,AUT,2010,80.58049011230469,4236.3164,8409945.0
3244,Austria,AUT,2011,80.98292541503906,4253.5175,8453501.0
3245,Austria,AUT,2012,80.93658447265625,4362.1556,8502230.0
3246,Austria,AUT,2013,81.13658905029297,4352.5783,8556191.0
3247,Austria,AUT,2014,81.49024200439453,4390.1259,8615205.0
3248,Austria,AUT,2015,81.19024658203125,4451.1826,8678667.0
5010,Belgium,BEL,1970,70.97195434570312,683.3738,9632179.0
5011,Belgium,BEL,1971,71.06048583984375,723.5906,9663323.0
5012,Belgium,BEL,1972,71.40512084960938,788.4374,9692845.0
5013,Belgium,BEL,1973,71.63536834716797,891.1623,9720750.0
5014,Belgium,BEL,1974,71.98585510253906,939.3939,9747023.0
5015,Belgium,BEL,1975,71.97122192382812,1154.0117,9771582.0
5016,Belgium,BEL,1976,72.11975860595703,1262.6339,9794771.0
5017,Belgium,BEL,1977,72.7739028930664,1372.7239,9816693.0
5018,Belgium,BEL,1978,72.69805145263672,1453.5338,9836812.0
5019,Belgium,BEL,1979,73.19365692138672,1482.0677,9854372.0
5020,Belgium,BEL,1980,73.20706939697266,1494.2748,9868999.0
5021,Belgium,BEL,1981,73.6217041015625,1590.1579,9880594.0
5022,Belgium,BEL,1982,73.88804626464844,1655.4796,9889819.0
5023,Belgium,BEL,1983,73.86902618408203,1701.4332,9897877.0
5024,Belgium,BEL,1984,74.40487670898438,1703.9211,9906370.0
5025,Belgium,BEL,1985,74.5202407836914,1744.1525,9916577.0
5026,Belgium,BEL,1986,74.73170471191406,1819.5336,9928539.0
5027,Belgium,BEL,1987,75.36585235595703,1888.226,9942281.0
5028,Belgium,BEL,1988,75.56585693359375,1970.8607,9959011.0
5029,Belgium,BEL,1989,75.63268280029297,2015.7184,9980175.0
5030,Belgium,BEL,1990,76.05194854736328,2085.3743,10006545.0
5031,Belgium,BEL,1991,76.19219207763672,2208.0614,10039450.0
5032,Belgium,BEL,1992,76.3512191772461,2286.7203,10078098.0
5033,Belgium,BEL,1993,76.34536743164062,2292.4751,10118684.0
5034,Belgium,BEL,1994,76.69170379638672,2297.5698,10155909.0
5035,Belgium,BEL,1995,76.84072875976562,2334.5471,10186304.0
5036,Belgium,BEL,1996,77.18731689453125,2454.2452,10208265.0
5037,Belgium,BEL,1997,77.37073516845703,2492.5703,10223785.0
5038,Belgium,BEL,1998,77.4731674194336,2577.5149,10237298.0
5039,Belgium,BEL,1999,77.61951446533203,2720.044,10255161.0
5040,Belgium,BEL,2000,77.72195434570312,2826.9874,10282046.0
5041,Belgium,BEL,2001,77.9731674194336,2898.5499,10319026.0
5042,Belgium,BEL,2002,78.07560729980469,2994.2747,10364879.0
5043,Belgium,BEL,2003,78.12926483154297,3305.4234,10419029.0
5044,Belgium,BEL,2004,78.8780517578125,3418.6101,10480118.0
5045,Belgium,BEL,2005,78.98048400878906,3442.567,10546885.0
5046,Belgium,BEL,2006,79.38048553466797,3469.8104,10619484.0
5047,Belgium,BEL,2007,79.78292846679688,3577.1295,10697576.0
5048,Belgium,BEL,2008,79.68048858642578,3725.1113,10778764.0
5049,Belgium,BEL,2009,80.03414916992188,3900.7277,10859934.0
5050,Belgium,BEL,2010,80.18292999267578,3901.9126,10938735.0
5051,Belgium,BEL,2011,80.58536529541016,3986.078,11013860.0
5052,Belgium,BEL,2012,80.38536834716797,4006.2239,11085355.0
5053,Belgium,BEL,2013,80.58780670166016,4062.795,11154008.0
5054,Belgium,BEL,2014,81.28780364990234,4097.5951,11221225.0
5055,Belgium,BEL,2015,80.99268341064453,4120.0479,11287931.0
8854,Canada,CAN,1970,72.70048522949219,1295.7665,21374326.0
8855,Canada,CAN,1971,73.02926635742188,1390.037,21723465.0
8856,Canada,CAN,1972,72.93389892578125,1430.5746,22072193.0
8857,Canada,CAN,1973,73.16268157958984,1437.3807,22415313.0
8858,Canada,CAN,1974,73.23756408691406,1442.2155,22745896.0
8859,Canada,CAN,1975,73.5217056274414,1553.5575,23059266.0
8860,Canada,CAN,1976,73.85609436035156,1621.8955,23354587.0
8861,Canada,CAN,1977,74.21560668945312,1653.0144,23634377.0
8862,Canada,CAN,1978,74.52975463867188,1694.2938,23901716.0
8863,Canada,CAN,1979,74.86634063720703,1711.5811,24161133.0
8864,Canada,CAN,1980,75.07804870605469,1773.2352,24416885.0
8865,Canada,CAN,1981,75.46341705322266,1867.9228,24668159.0
8866,Canada,CAN,1982,75.76341247558594,1979.7332,24916538.0
8867,Canada,CAN,1983,76.06585693359375,2057.1832,25171436.0
8868,Canada,CAN,1984,76.21707153320312,2126.6136,25444886.0
8869,Canada,CAN,1985,76.36829376220703,2209.266,25744807.0
8870,Canada,CAN,1986,76.51951599121094,2306.182,26075504.0
8871,Canada,CAN,1987,76.71951293945312,2351.3938,26432894.0
8872,Canada,CAN,1988,76.91950988769531,2423.1176,26806125.0
8873,Canada,CAN,1989,77.11951446533203,2500.3536,27179497.0
8874,Canada,CAN,1990,77.42195129394531,2595.9141,27541323.0
8875,Canada,CAN,1991,77.6219482421875,2714.7232,27888813.0
8876,Canada,CAN,1992,77.7243881225586,2781.2469,28224410.0
8877,Canada,CAN,1993,77.82438659667969,2788.8032,28547964.0
8878,Canada,CAN,1994,77.82682800292969,2771.8514,28860734.0
8879,Canada,CAN,1995,78.02926635742188,2720.2965,29164153.0
8880,Canada,CAN,1996,78.18048858642578,2672.6873,29457820.0
8881,Canada,CAN,1997,78.43170928955078,2753.7682,29742378.0
8882,Canada,CAN,1998,78.63414764404297,2915.6411,30022078.0
8883,Canada,CAN,1999,78.88536834716797,2963.8153,30302511.0
8884,Canada,CAN,2000,79.13658905029297,3058.155,30588379.0
8885,Canada,CAN,2001,79.33902740478516,3219.9298,30880072.0
8886,Canada,CAN,2002,79.49024200439453,3369.4221,31178260.0
8887,Canada,CAN,2003,79.74146270751953,3458.5634,31488046.0
8888,Canada,CAN,2004,79.89268493652344,3553.4721,31815490.0
8889,Canada,CAN,2005,80.19268035888672,3619.4946,32164313.0
8890,Canada,CAN,2006,80.34390258789062,3745.9104,32536994.0
8891,Canada,CAN,2007,80.54389953613281,3823.2951,32930795.0
8892,Canada,CAN,2008,80.69512176513672,3888.0876,33337638.0
8893,Canada,CAN,2009,80.99512481689453,4168.1453,33746093.0
8894,Canada,CAN,2010,81.246337890625,4242.3395,34147566.0
8895,Canada,CAN,2011,81.44878387451172,4197.4339,34539156.0
8896,Canada,CAN,2012,81.6487808227539,4217.7065,34922031.0
8897,Canada,CAN,2013,81.748779296875,4227.6444,35296535.0
8898,Canada,CAN,2014,81.80000305175781,4203.8243,35664338.0
8899,Canada,CAN,2015,81.9000015258789,4288.992,36026668.0
10033,Chile,CHL,1995,74.95700073242188,518.8709,14380864.0
10034,Chile,CHL,1996,75.24400329589844,571.4461,14587367.0
10035,Chile,CHL,1997,75.52999877929688,602.4807,14786227.0
10036,Chile,CHL,1998,75.81300354003906,643.746,14977736.0
10037,Chile,CHL,1999,76.09200286865234,643.4363,15162801.0
10038,Chile,CHL,2000,76.36599731445312,672.0826,15342350.0
10039,Chile,CHL,2001,76.63400268554688,702.5606,15516112.0
10040,Chile,CHL,2002,76.89399719238281,723.3348,15684413.0
10041,Chile,CHL,2003,77.14600372314453,847.996,15849649.0
10042,Chile,CHL,2004,77.39099884033203,900.6741,16014972.0
10043,Chile,CHL,2005,77.62999725341797,945.5478,16182713.0
10044,Chile,CHL,2006,77.86499786376953,986.7056,16354507.0
10045,Chile,CHL,2007,78.0989990234375,1053.6318,16530201.0
10046,Chile,CHL,2008,78.33000183105469,1084.6686,16708255.0
10047,Chile,CHL,2009,78.55799865722656,1153.454,16886184.0
10048,Chile,CHL,2010,78.77899932861328,1219.6509,17062531.0
10049,Chile,CHL,2011,78.98600006103516,1279.5465,17233584.0
10050,Chile,CHL,2012,79.1760025024414,1355.3914,17400359.0
10051,Chile,CHL,2013,79.3489990234375,1464.9806,17571511.0
10052,Chile,CHL,2014,79.50399780273438,1562.9226,17758969.0
10053,Chile,CHL,2015,79.64600372314453,1595.5279,17969356.0
12745,Czechia,CZE,1990,71.38390350341797,716.5572,10340877.0
12746,Czechia,CZE,1991,71.8982925415039,658.0074,10346458.0
12747,Czechia,CZE,1992,72.2717056274414,674.823,10353021.0
12748,Czechia,CZE,1993,72.76780700683594,903.4505,10358694.0
12749,Czechia,CZE,1994,72.9726791381836,957.5316,10360964.0
12750,Czechia,CZE,1995,73.07487487792969,1058.9196,10358190.0
12751,Czechia,CZE,1996,73.71463775634766,1082.1967,10350302.0
12752,Czechia,CZE,1997,73.82487487792969,1077.8613,10338346.0
12753,Czechia,CZE,1998,74.51463317871094,1072.1795,10323244.0
12754,Czechia,CZE,1999,74.66828918457031,1123.4993,10306404.0
12755,Czechia,CZE,2000,74.96829223632812,1159.6971,10289374.0
12756,Czechia,CZE,2001,75.17317199707031,1234.4662,10271019.0
12757,Czechia,CZE,2002,75.22195434570312,1324.2376,10252264.0
12758,Czechia,CZE,2003,75.17073059082031,1452.0197,10239131.0
12759,Czechia,CZE,2004,75.72195434570312,1481.5625,10239444.0
12760,Czechia,CZE,2005,75.92439270019531,1574.6261,10258165.0
12761,Czechia,CZE,2006,76.5243911743164,1628.7237,10298609.0
12762,Czechia,CZE,2007,76.7243881225586,1660.1874,10357535.0
12763,Czechia,CZE,2008,76.9756088256836,1787.753,10425267.0
12764,Czechia,CZE,2009,77.07804870605469,1939.7369,10488155.0
12765,Czechia,CZE,2010,77.42439270019531,1879.5815,10536514.0
12766,Czechia,CZE,2011,77.8731689453125,1927.1554,10566512.0
12767,Czechia,CZE,2012,78.07560729980469,1924.5446,10581302.0
12768,Czechia,CZE,2013,78.17561340332031,2102.5929,10586529.0
12769,Czechia,CZE,2014,78.82438659667969,2112.9399,10591104.0
12770,Czechia,CZE,2015,78.57804870605469,2166.4171,10601390.0
13245,Denmark,DNK,1971,73.41463470458984,1752.6046,4961759.0
13246,Denmark,DNK,1972,73.43902587890625,1832.706,4990551.0
13247,Denmark,DNK,1973,73.68219757080078,1840.6337,5017247.0
13248,Denmark,DNK,1974,73.80829620361328,1983.8015,5041413.0
13249,Denmark,DNK,1975,74.07511901855469,2007.4161,5062731.0
13250,Denmark,DNK,1976,73.73975372314453,2097.479,5081262.0
13251,Denmark,DNK,1977,74.63243865966797,2082.9591,5097049.0
13252,Denmark,DNK,1978,74.39292907714844,2152.0583,5109693.0
13253,Denmark,DNK,1979,74.21926879882812,2256.2179,5118711.0
13254,Denmark,DNK,1980,74.1017074584961,2233.5431,5123945.0
13255,Denmark,DNK,1981,74.23048400878906,2266.1629,5125296.0
13256,Denmark,DNK,1982,74.55121612548828,2365.8534,5123349.0
13257,Denmark,DNK,1983,74.42048645019531,2370.3896,5119607.0
13258,Denmark,DNK,1984,74.56219482421875,2338.5427,5116055.0
13259,Denmark,DNK,1985,74.42755889892578,2423.9343,5114250.0
13260,Denmark,DNK,1986,74.57975769042969,2462.757,5114645.0
13261,Denmark,DNK,1987,74.69122314453125,2566.9934,5117282.0
13262,Denmark,DNK,1988,74.7717056274414,2609.3351,5122442.0
13263,Denmark,DNK,1989,74.79975891113281,2583.172,5130362.0
13264,Denmark,DNK,1990,74.80536651611328,2603.6992,5141117.0
13265,Denmark,DNK,1991,75.15780639648438,2600.6729,5154906.0
13266,Denmark,DNK,1992,75.19414520263672,2647.4906,5171654.0
13267,Denmark,DNK,1993,75.11682891845703,2747.1456,5190745.0
13268,Denmark,DNK,1994,75.3751220703125,2811.1094,5211334.0
13269,Denmark,DNK,1995,75.21268463134766,2772.5318,5232709.0
13270,Denmark,DNK,1996,75.59146118164062,2861.9021,5254857.0
13271,Denmark,DNK,1997,75.94512176513672,2909.2982,5277713.0
13272,Denmark,DNK,1998,76.13902282714844,2887.3885,5300380.0
13273,Denmark,DNK,1999,76.34146118164062,3272.6025,5321771.0
13274,Denmark,DNK,2000,76.59268188476562,3287.6537,5341192.0
13275,Denmark,DNK,2001,76.79268646240234,3443.0322,5358059.0
13276,Denmark,DNK,2002,76.8951187133789,3551.795,5372798.0
13277,Denmark,DNK,2003,77.14390563964844,3638.1442,5386968.0
13278,Denmark,DNK,2004,77.49268341064453,3769.889,5402754.0
13279,Denmark,DNK,2005,77.84390258789062,3883.3181,5421701.0
13280,Denmark,DNK,2006,78.09512329101562,4052.4257,5444293.0
13281,Denmark,DNK,2007,78.19512176513672,4137.2414,5469920.0
13282,Denmark,DNK,2008,78.44634246826172,4175.102,5497731.0
13283,Denmark,DNK,2009,78.59756469726562,4434.2513,5526389.0
13284,Denmark,DNK,2010,79.0999984741211,4370.3331,5554849.0
13285,Denmark,DNK,2011,79.80000305175781,4310.9932,5582980.0
13286,Denmark,DNK,2012,80.05121612548828,4309.4836,5610909.0
13287,Denmark,DNK,2013,80.30000305175781,4295.5987,5638152.0
13288,Denmark,DNK,2014,80.69999694824219,4434.1204,5664199.0
13289,Denmark,DNK,2015,80.70243835449219,4484.5356,5688695.0
15662,Estonia,EST,1999,70.06341552734375,754.2285,1403784.0
15663,Estonia,EST,2000,70.41707611083984,751.4352,1399111.0
15664,Estonia,EST,2001,70.25853729248047,745.465,1391739.0
15665,Estonia,EST,2002,70.90487670898438,786.621,1382737.0
15666,Estonia,EST,2003,71.31707000732422,877.7061,1372904.0
15667,Estonia,EST,2004,71.90975952148438,978.3881,1363570.0
15668,Estonia,EST,2005,72.56829071044922,1047.3086,1355650.0
15669,Estonia,EST,2006,72.69145965576172,1152.9042,1349373.0
15670,Estonia,EST,2007,72.81463623046875,1275.8281,1344295.0
15671,Estonia,EST,2008,73.7707290649414,1373.0364,1340067.0
15672,Estonia,EST,2009,74.82438659667969,1342.592,1336140.0
15673,Estonia,EST,2010,75.42926788330078,1334.1851,1332103.0
15674,Estonia,EST,2011,76.2292709350586,1324.0841,1327701.0
15675,Estonia,EST,2012,76.32682800292969,1394.4443,1323163.0
15676,Estonia,EST,2013,77.14146423339844,1464.5597,1319068.0
15677,Estonia,EST,2014,77.03414916992188,1550.0278,1316273.0
15678,Estonia,EST,2015,77.59024047851562,1613.1031,1315330.0
17264,Finland,FIN,1970,70.17951202392578,759.8204,4612365.0
17265,Finland,FIN,1971,70.01756286621094,823.5278,4629371.0
17266,Finland,FIN,1972,70.70731353759766,897.8236,4651174.0
17267,Finland,FIN,1973,71.2236557006836,928.4083,4675450.0
17268,Finland,FIN,1974,71.13488006591797,942.0766,4698782.0
17269,Finland,FIN,1975,71.67366027832031,1043.8095,4718744.0
17270,Finland,FIN,1976,71.81292724609375,1106.7728,4734432.0
17271,Finland,FIN,1977,72.3502426147461,1143.9357,4746929.0
17272,Finland,FIN,1978,72.8970718383789,1162.5551,4758256.0
17273,Finland,FIN,1979,73.15536499023438,1212.4493,4771341.0
17274,Finland,FIN,1980,73.44000244140625,1258.2683,4788247.0
17275,Finland,FIN,1981,73.74658203125,1295.7892,4809807.0
17276,Finland,FIN,1982,74.29804992675781,1348.9003,4835102.0
17277,Finland,FIN,1983,74.20097351074219,1402.4839,4862171.0
17278,Finland,FIN,1984,74.51902770996094,1450.1209,4888197.0
17279,Finland,FIN,1985,74.2229232788086,1588.8682,4911220.0
17280,Finland,FIN,1986,74.55999755859375,1651.2439,4930342.0
17281,Finland,FIN,1987,74.59194946289062,1740.4537,4946368.0
17282,Finland,FIN,1988,74.57707214355469,1774.809,4961097.0
17283,Finland,FIN,1989,74.79219818115234,1869.3929,4977118.0
17284,Finland,FIN,1990,74.81317138671875,2015.0186,4996220.0
17285,Finland,FIN,1991,75.2275619506836,2162.646,5019134.0
17286,Finland,FIN,1992,75.45536804199219,2128.9968,5044928.0
17287,Finland,FIN,1993,75.70512390136719,1934.0765,5071782.0
17288,Finland,FIN,1994,76.3956069946289,1862.0776,5097090.0
17289,Finland,FIN,1995,76.40951538085938,1951.7806,5119012.0
17290,Finland,FIN,1996,76.69341278076172,2050.0056,5136984.0
17291,Finland,FIN,1997,76.8785400390625,2071.8464,5151740.0
17292,Finland,FIN,1998,77.09072875976562,2084.1422,5164236.0
17293,Finland,FIN,1999,77.29122161865234,2163.5734,5175921.0
17294,Finland,FIN,2000,77.46585083007812,2302.7754,5187953.0
17295,Finland,FIN,2001,77.96585083007812,2407.5286,5200475.0
17296,Finland,FIN,2002,78.11951446533203,2573.9942,5213368.0
17297,Finland,FIN,2003,78.36829376220703,2729.7925,5227106.0
17298,Finland,FIN,2004,78.71463775634766,2873.619,5242175.0
17299,Finland,FIN,2005,78.81707000732422,3016.7141,5258933.0
17300,Finland,FIN,2006,79.21463775634766,3129.107,5277490.0
17301,Finland,FIN,2007,79.26341247558594,3203.6907,5297741.0
17302,Finland,FIN,2008,79.56829071044922,3316.5843,5319452.0
17303,Finland,FIN,2009,79.71951293945312,3322.6085,5342266.0
17304,Finland,FIN,2010,79.87073516845703,3403.1108,5365784.0
17305,Finland,FIN,2011,80.47073364257812,3505.0245,5390036.0
17306,Finland,FIN,2012,80.6268310546875,3568.2158,5414769.0
17307,Finland,FIN,2013,80.9756088256836,3602.6862,5438984.0
17308,Finland,FIN,2014,81.18048858642578,3566.5437,5461410.0
17309,Finland,FIN,2015,81.48048400878906,3627.9559,5481128.0
17523,France,FRA,1970,71.65853881835938,923.0338,50763921.0
17528,France,FRA,1975,72.8536605834961,1267.5022,52688575.0
17533,France,FRA,1980,74.05121612548828,1604.7333,53868006.0
17538,France,FRA,1985,75.30000305175781,1923.1369,55254838.0
17543,France,FRA,1990,76.5999984741211,2300.8976,56666861.0
17544,France,FRA,1991,76.8487777709961,2377.8353,56913580.0
17545,France,FRA,1992,77.0999984741211,2469.4117,57147213.0
17546,France,FRA,1993,77.30000305175781,2561.9933,57370375.0
17547,France,FRA,1994,77.6487808227539,2607.9071,57587122.0
17548,France,FRA,1995,77.751220703125,2965.8229,57801887.0
17549,France,FRA,1996,77.95365905761719,2997.7557,58012055.0
17550,France,FRA,1997,78.30487823486328,3018.3427,58220657.0
17551,France,FRA,1998,78.6048812866211,3082.7392,58444245.0
17552,France,FRA,1999,78.75609588623047,3171.996,58704381.0
17553,France,FRA,2000,79.05609893798828,3248.9504,59015092.0
17554,France,FRA,2001,79.15853881835938,3331.4384,59384126.0
17555,France,FRA,2002,79.26097869873047,3454.0558,59803434.0
17556,France,FRA,2003,79.11463165283203,3478.5787,60251591.0
17557,France,FRA,2004,80.16341400146484,3578.9042,60697977.0
17558,France,FRA,2005,80.16341400146484,3629.209,61120128.0
17559,France,FRA,2006,80.81219482421875,3644.7304,61508924.0
17560,France,FRA,2007,81.11219787597656,3680.6859,61869229.0
17561,France,FRA,2008,81.21463775634766,3713.7856,62209207.0
17562,France,FRA,2009,81.41463470458984,3836.7055,62542883.0
17563,France,FRA,2010,81.66341400146484,3859.5252,62879535.0
17564,France,FRA,2011,82.11463165283203,3917.4283,63222229.0
17565,France,FRA,2012,81.96829223632812,3942.3884,63564224.0
17566,France,FRA,2013,82.21951293945312,3989.2368,63893521.0
17567,France,FRA,2014,82.71951293945312,4035.9507,64193550.0
17568,France,FRA,2015,82.32195281982422,4027.949,64453194.0
18754,Germany,DEU,1970,70.63977813720703,1219.428,78578381.0
18755,Germany,DEU,1971,70.74288177490234,1358.2333,78789931.0
18756,Germany,DEU,1972,70.86699676513672,1480.9197,78901826.0
18757,Germany,DEU,1973,71.01668548583984,1619.966,78932455.0
18758,Germany,DEU,1974,71.1954116821289,1757.4922,78909808.0
18759,Germany,DEU,1975,71.4017333984375,1906.5468,78856031.0
18760,Germany,DEU,1976,71.63414764404297,2015.1658,78781740.0
18761,Germany,DEU,1977,71.88368225097656,2070.2065,78687323.0
18762,Germany,DEU,1978,72.14329528808594,2154.6998,78573588.0
18763,Germany,DEU,1979,72.40853881835938,2201.3952,78438171.0
18764,Germany,DEU,1980,72.67790222167969,2282.4014,78283101.0
18765,Germany,DEU,1981,72.95039367675781,2374.1244,78107860.0
18766,Germany,DEU,1982,73.22699737548828,2319.1311,77926016.0
18767,Germany,DEU,1983,73.50519561767578,2361.1298,77770210.0
18768,Germany,DEU,1984,73.78292846679688,2472.1423,77682293.0
18769,Germany,DEU,1985,74.05463409423828,2579.6387,77691591.0
18770,Germany,DEU,1986,74.31372833251953,2603.9363,77806136.0
18771,Germany,DEU,1987,74.55968475341797,2668.4883,78015742.0
18772,Germany,DEU,1988,74.79248809814453,2812.9428,78307525.0
18773,Germany,DEU,1989,75.01314544677734,2689.5098,78660301.0
18774,Germany,DEU,1990,75.22775268554688,2774.6817,79053984.0
18776,Germany,DEU,1992,75.81951141357422,2909.8528,79963166.0
18777,Germany,DEU,1993,75.87073516845703,2853.0909,80428557.0
18778,Germany,DEU,1994,76.2707290649414,2989.637,80832928.0
18779,Germany,DEU,1995,76.42195129394531,3122.131,81138653.0
18780,Germany,DEU,1996,76.67317199707031,3241.8944,81323666.0
18781,Germany,DEU,1997,77.07317352294922,3257.2866,81399250.0
18782,Germany,DEU,1998,77.4756088256836,3327.2647,81402671.0
18783,Germany,DEU,1999,77.7268295288086,3414.5749,81389935.0
18784,Germany,DEU,2000,77.92682647705078,3536.3549,81400883.0
18785,Germany,DEU,2001,78.32926940917969,3603.768,81453894.0
18786,Germany,DEU,2002,78.2292709350586,3687.3766,81535124.0
18787,Germany,DEU,2003,78.38048553466797,3745.138,81614371.0
18788,Germany,DEU,2004,78.68048858642578,3704.9553,81646474.0
18789,Germany,DEU,2005,78.93170928955078,3787.1331,81602739.0
18790,Germany,DEU,2006,79.13170623779297,3875.1386,81472235.0
18791,Germany,DEU,2007,79.53414916992188,3950.1671,81277836.0
18792,Germany,DEU,2008,79.73658752441406,4079.0901,81065751.0
18793,Germany,DEU,2009,79.83658599853516,4232.5762,80899961.0
18794,Germany,DEU,2010,79.98780822753906,4358.6128,80827001.0
18795,Germany,DEU,2011,80.43658447265625,4396.4446,80855629.0
18796,Germany,DEU,2012,80.53902435302734,4516.9885,80972629.0
18797,Germany,DEU,2013,80.49024200439453,4589.3728,81174373.0
18798,Germany,DEU,2014,81.09024047851562,4684.4851,81450370.0
18799,Germany,DEU,2015,80.64146423339844,4772.328,81787411.0
19362,Greece,GRC,1988,75.89124298095703,1120.1386,10101349.0
19363,Greece,GRC,1989,76.68780517578125,1268.3512,10155721.0
19364,Greece,GRC,1990,76.93902587890625,1266.7054,10225990.0
19365,Greece,GRC,1991,77.13658905029297,1259.177,10315109.0
19366,Greece,GRC,1992,77.38292694091797,1376.7298,10420226.0
19367,Greece,GRC,1993,77.39024353027344,1511.2064,10533811.0
19368,Greece,GRC,1994,77.63902282714844,1682.7263,10644939.0
19369,Greece,GRC,1995,77.58536529541016,1709.315,10745502.0
19370,Greece,GRC,1996,77.68536376953125,1729.3586,10832139.0
19371,Greece,GRC,1997,78.13658905029297,1756.0787,10906248.0
19372,Greece,GRC,1998,77.83902740478516,1786.9542,10970121.0
19373,Greece,GRC,1999,77.98780822753906,1879.4975,11027899.0
19374,Greece,GRC,2000,77.88780212402344,1815.1583,11082103.0
19375,Greece,GRC,2001,78.38780212402344,2073.6269,11134447.0
19376,Greece,GRC,2002,78.64146423339844,2213.1951,11182308.0
19377,Greece,GRC,2003,78.84146118164062,2325.7693,11218879.0
19378,Greece,GRC,2004,79.03902435302734,2358.3612,11234993.0
19379,Greece,GRC,2005,79.23902130126953,2682.9519,11224800.0
19380,Greece,GRC,2006,79.43902587890625,2816.2848,11185231.0
19381,Greece,GRC,2007,79.43902587890625,2931.8391,11120371.0
19382,Greece,GRC,2008,79.93902587890625,3138.9139,11040312.0
19383,Greece,GRC,2009,80.18780517578125,2995.5728,10959268.0
19384,Greece,GRC,2010,80.38780212402344,2855.3382,10887640.0
19385,Greece,GRC,2011,80.73170471191406,2496.7023,10829074.0
19386,Greece,GRC,2012,80.63414764404297,2199.1078,10781119.0
19387,Greece,GRC,2013,81.28536224365234,2096.1872,10740501.0
19388,Greece,GRC,2014,81.38536834716797,2012.2274,10701460.0
19389,Greece,GRC,2015,81.03658294677734,1994.1161,10659737.0
22060,Hungary,HUN,1991,69.3770751953125,931.3611,10363050.0
22061,Hungary,HUN,1992,69.11707305908203,972.5426,10358622.0
22062,Hungary,HUN,1993,69.1012191772461,977.2673,10359052.0
22063,Hungary,HUN,1994,69.46975708007812,1076.6561,10357586.0
22064,Hungary,HUN,1995,69.79170989990234,996.4554,10349308.0
22065,Hungary,HUN,1996,70.32878112792969,985.2159,10332451.0
22066,Hungary,HUN,1997,70.70243835449219,968.7231,10308479.0
22067,Hungary,HUN,1998,70.55780792236328,1069.7785,10279610.0
22068,Hungary,HUN,1999,70.67707061767578,1141.0826,10249407.0
22069,Hungary,HUN,2000,71.246337890625,1174.2322,10220509.0
22070,Hungary,HUN,2001,72.248779296875,1231.7817,10193451.0
22071,Hungary,HUN,2002,72.3487777709961,1345.8965,10167286.0
22072,Hungary,HUN,2003,72.30000305175781,1601.6351,10141341.0
22073,Hungary,HUN,2004,72.6487808227539,1611.2098,10114481.0
22074,Hungary,HUN,2005,72.6487808227539,1736.3408,10085942.0
22075,Hungary,HUN,2006,73.09756469726562,1762.9564,10055657.0
22076,Hungary,HUN,2007,73.1512222290039,1641.345,10024158.0
22077,Hungary,HUN,2008,73.70243835449219,1631.2306,9991867.0
22078,Hungary,HUN,2009,73.90487670898438,1558.7315,9959439.0
22079,Hungary,HUN,2010,74.20731353759766,1632.9071,9927380.0
22080,Hungary,HUN,2011,74.85853576660156,1670.9272,9895689.0
22081,Hungary,HUN,2012,75.06341552734375,1633.207,9864363.0
22082,Hungary,HUN,2013,75.56585693359375,1623.611,9833923.0
22083,Hungary,HUN,2014,75.76341247558594,1656.7189,9804991.0
22084,Hungary,HUN,2015,75.56829071044922,1676.6019,9777925.0
22298,Iceland,ISL,1970,73.93389892578125,677.6726,204423.0
22299,Iceland,ISL,1971,73.57048797607422,830.6061,207095.0
22300,Iceland,ISL,1972,74.45585632324219,851.981,209928.0
22301,Iceland,ISL,1973,74.45097351074219,821.2949,212803.0
22302,Iceland,ISL,1974,74.51171112060547,977.879,215568.0
22303,Iceland,ISL,1975,75.57878112792969,1049.6175,218079.0
22304,Iceland,ISL,1976,76.97219848632812,1033.2232,220276.0
22305,Iceland,ISL,1977,76.3736572265625,1104.9693,222267.0
22306,Iceland,ISL,1978,76.6492691040039,1250.5295,224146.0
22307,Iceland,ISL,1979,76.7731704711914,1467.5863,226104.0
22308,Iceland,ISL,1980,76.84658813476562,1422.0142,228256.0
22309,Iceland,ISL,1981,76.5214614868164,1497.722,230665.0
22310,Iceland,ISL,1982,77.03780364990234,1581.5156,233273.0
22311,Iceland,ISL,1983,76.84561157226562,1674.4617,236021.0
22312,Iceland,ISL,1984,77.57658386230469,1626.2001,238818.0
22313,Iceland,ISL,1985,77.6024398803711,1725.9535,241587.0
22314,Iceland,ISL,1986,77.99073028564453,1943.1152,244335.0
22315,Iceland,ISL,1987,77.33902740478516,2136.8455,247057.0
22316,Iceland,ISL,1988,77.08292388916016,2267.1187,249755.0
22317,Iceland,ISL,1989,78.14097595214844,2195.0565,252424.0
22318,Iceland,ISL,1990,78.03633880615234,2104.4213,255044.0
22319,Iceland,ISL,1991,77.99195098876953,2124.8289,257616.0
22320,Iceland,ISL,1992,78.76024627685547,2081.2123,260154.0
22321,Iceland,ISL,1993,78.93463134765625,2110.8651,262650.0
22322,Iceland,ISL,1994,79.2470703125,2120.1821,265140.0
22323,Iceland,ISL,1995,77.98439025878906,2145.0396,267627.0
22324,Iceland,ISL,1996,78.77780151367188,2245.4189,270144.0
22325,Iceland,ISL,1997,78.88536834716797,2308.4022,272709.0
22326,Iceland,ISL,1998,79.6024398803711,2672.0023,275294.0
22327,Iceland,ISL,1999,79.3512191772461,2880.4164,277868.0
22328,Iceland,ISL,2000,79.65365600585938,3018.2348,280439.0
22329,Iceland,ISL,2001,80.69024658203125,3046.8803,282910.0
22330,Iceland,ISL,2002,80.50244140625,3280.2966,285329.0
22331,Iceland,ISL,2003,80.96341705322266,3504.7227,287955.0
22332,Iceland,ISL,2004,80.99755859375,3563.2638,291102.0
22333,Iceland,ISL,2005,81.50244140625,3571.3684,294976.0
22334,Iceland,ISL,2006,81.15853881835938,3531.784,299727.0
22335,Iceland,ISL,2007,81.45365905761719,3686.4844,305181.0
22336,Iceland,ISL,2008,81.60975646972656,3692.5888,310855.0
22337,Iceland,ISL,2009,81.751220703125,3631.9733,316057.0
22338,Iceland,ISL,2010,81.8975601196289,3405.9865,320342.0
22339,Iceland,ISL,2011,82.35853576660156,3395.1218,323471.0
22340,Iceland,ISL,2012,82.91707611083984,3440.0963,325642.0
22341,Iceland,ISL,2013,82.06097412109375,3560.4208,327194.0
22342,Iceland,ISL,2014,82.86097717285156,3627.7345,328592.0
22343,Iceland,ISL,2015,82.46829223632812,3712.7076,330237.0
23593,Ireland,IRL,1970,71.03144073486328,530.1572,2908430.0
23594,Ireland,IRL,1971,71.1285400390625,642.5646,2944092.0
23595,Ireland,IRL,1972,71.23224639892578,681.9066,2986566.0
23596,Ireland,IRL,1973,71.3455581665039,718.8923,3034327.0
23597,Ireland,IRL,1974,71.4720230102539,796.9092,3085159.0
23598,Ireland,IRL,1975,71.61660766601562,839.4058,3137181.0
23599,Ireland,IRL,1976,71.78278350830078,818.3842,3189867.0
23600,Ireland,IRL,1977,71.96900177001953,832.657,3242767.0
23601,Ireland,IRL,1978,72.1737289428711,926.5445,3294158.0
23602,Ireland,IRL,1979,72.39346313476562,991.5204,3342005.0
23603,Ireland,IRL,1980,72.62324523925781,1114.6872,3384760.0
23604,Ireland,IRL,1981,72.85609436035156,1076.802,3422026.0
23605,Ireland,IRL,1982,73.08807373046875,1068.9027,3453785.0
23606,Ireland,IRL,1983,73.31368255615234,1062.5368,3479464.0
23607,Ireland,IRL,1984,73.53146362304688,1076.9617,3498540.0
23608,Ireland,IRL,1985,73.74236297607422,1111.1945,3510978.0
23609,Ireland,IRL,1986,73.951416015625,1090.8688,3516423.0
23610,Ireland,IRL,1987,74.16253662109375,1091.6078,3515827.0
23611,Ireland,IRL,1988,74.3777084350586,1097.7704,3512179.0
23612,Ireland,IRL,1989,74.59590148925781,1094.6361,3509508.0
23613,Ireland,IRL,1990,74.80909729003906,1155.6888,3510881.0
23614,Ireland,IRL,1991,75.0052719116211,1265.4578,3517704.0
23615,Ireland,IRL,1992,75.18095397949219,1354.83,3529847.0
23616,Ireland,IRL,1993,75.33612060546875,1395.2998,3546929.0
23617,Ireland,IRL,1994,75.476806640625,1446.3336,3567918.0
23618,Ireland,IRL,1995,75.61756134033203,1535.2678,3592180.0
23619,Ireland,IRL,1996,75.83171081542969,1617.2544,3619633.0
23620,Ireland,IRL,1997,75.98536682128906,1755.6332,3651096.0
23621,Ireland,IRL,1998,76.18048858642578,1824.7354,3687821.0
23622,Ireland,IRL,1999,76.08292388916016,1981.8331,3731472.0
23623,Ireland,IRL,2000,76.53658294677734,2277.413,3783095.0
23624,Ireland,IRL,2001,77.13414764404297,2571.5499,3842253.0
23625,Ireland,IRL,2002,77.63414764404297,2792.6566,3907995.0
23626,Ireland,IRL,2003,78.13902282714844,2991.0384,3980077.0
23627,Ireland,IRL,2004,78.53902435302734,3165.1088,4058131.0
23628,Ireland,IRL,2005,78.94390106201172,3490.7445,4141218.0
23629,Ireland,IRL,2006,79.24146270751953,3545.7522,4230619.0
23630,Ireland,IRL,2007,79.64146423339844,3776.9736,4324649.0
23631,Ireland,IRL,2008,80.09512329101562,4225.5888,4415871.0
23632,Ireland,IRL,2009,80.19024658203125,4560.1121,4494572.0
23633,Ireland,IRL,2010,80.74390411376953,4585.4044,4554330.0
23634,Ireland,IRL,2011,80.746337890625,4370.0642,4591115.0
23635,Ireland,IRL,2012,80.84634399414062,4467.5385,4608199.0
23636,Ireland,IRL,2013,80.94878387451172,4676.9454,4615426.0
23637,Ireland,IRL,2014,81.3487777709961,4743.4296,4626852.0
23638,Ireland,IRL,2015,81.45365905761719,4730.3324,4652420.0
23925,Israel,ISR,1975,72.04512023925781,687.5623,3296931.0
23926,Israel,ISR,1976,72.95610046386719,773.9488,3387048.0
23927,Israel,ISR,1977,72.95853424072266,862.3993,3472118.0
23928,Israel,ISR,1978,73.20731353759766,978.0838,3552297.0
23929,Israel,ISR,1979,73.50731658935547,1099.545,3628307.0
23930,Israel,ISR,1980,73.8756103515625,1106.423,3700916.0
23931,Israel,ISR,1981,74.26097869873047,1109.3591,3770694.0
23932,Israel,ISR,1982,74.10975646972656,1121.3554,3838109.0
23933,Israel,ISR,1983,74.45853424072266,1213.6878,3903954.0
23934,Israel,ISR,1984,74.80731964111328,1463.6916,3969182.0
23935,Israel,ISR,1985,75.20731353759766,1114.3894,4035062.0
23936,Israel,ISR,1986,74.95610046386719,1064.7676,4100542.0
23937,Israel,ISR,1987,75.25853729248047,1140.0856,4167130.0
23938,Israel,ISR,1988,74.43658447265625,1198.6498,4241786.0
23939,Israel,ISR,1989,76.30731964111328,1272.1907,4333578.0
23940,Israel,ISR,1990,76.60731506347656,1244.5814,4448348.0
23941,Israel,ISR,1991,76.75853729248047,1203.9738,4589305.0
23942,Israel,ISR,1992,76.50487518310547,1305.82,4752826.0
23943,Israel,ISR,1993,77.15365600585938,1358.864,4929413.0
23944,Israel,ISR,1994,77.40243530273438,1524.3042,5105571.0
23945,Israel,ISR,1995,77.45121765136719,1540.9732,5271368.0
23946,Israel,ISR,1996,78.1048812866211,1613.0248,5424241.0
23947,Israel,ISR,1997,78.0,1668.5784,5566551.0
23948,Israel,ISR,1998,78.1487808227539,1683.9816,5699279.0
23949,Israel,ISR,1999,78.65853881835938,1628.6461,5824944.0
23950,Israel,ISR,2000,78.95365905761719,1731.985,5945949.0
23951,Israel,ISR,2001,79.40731811523438,1802.3905,6060679.0
23952,Israel,ISR,2002,79.45121765136719,1746.3998,6169311.0
23953,Israel,ISR,2003,79.6487808227539,1723.6955,6278374.0
23954,Israel,ISR,2004,80.1463394165039,1762.0028,6396511.0
23955,Israel,ISR,2005,80.1512222290039,1827.5507,6529470.0
23956,Israel,ISR,2006,80.55365753173828,1850.0258,6680641.0
23957,Israel,ISR,2007,80.50487518310547,1919.0778,6847148.0
23958,Israel,ISR,2008,80.95121765136719,1966.125,7020832.0
23959,Israel,ISR,2009,81.40487670898438,1966.5113,7190037.0
23960,Israel,ISR,2010,81.6024398803711,2025.5808,7346446.0
23961,Israel,ISR,2011,81.65609741210938,2085.0105,7487095.0
23962,Israel,ISR,2012,81.70487976074219,2138.5689,7614946.0
23963,Israel,ISR,2013,82.05609893798828,2259.7685,7734834.0
23964,Israel,ISR,2014,82.15365600585938,2319.2332,7854216.0
23965,Israel,ISR,2015,82.05121612548828,2292.3219,7978496.0
24201,Italy,ITA,1988,76.37073516845703,1892.0396,57018193.0
24202,Italy,ITA,1989,76.81951141357422,1950.7967,57028707.0
24203,Italy,ITA,1990,76.97073364257812,2094.9595,57048237.0
24204,Italy,ITA,1991,77.01951599121094,2196.8754,57088125.0
24205,Italy,ITA,1992,77.41950988769531,2173.484,57145308.0
24206,Italy,ITA,1993,77.72195434570312,2144.3894,57197610.0
24207,Italy,ITA,1994,77.92195129394531,2142.4645,57213538.0
24208,Italy,ITA,1995,78.17073059082031,2184.2945,57174412.0
24209,Italy,ITA,1996,78.5219497680664,2241.6398,57065231.0
24210,Italy,ITA,1997,78.82438659667969,2366.9263,56903633.0
24211,Italy,ITA,1998,78.9756088256836,2419.1297,56742755.0
24212,Italy,ITA,1999,79.42439270019531,2479.3573,56655629.0
24213,Italy,ITA,2000,79.77804565429688,2655.8168,56692178.0
24214,Italy,ITA,2001,80.1268310546875,2768.5363,56875148.0
24215,Italy,ITA,2002,80.2292709350586,2815.5814,57182521.0
24216,Italy,ITA,2003,79.98292541503906,2793.9552,57564589.0
24217,Italy,ITA,2004,80.78048706054688,2939.1599,57948421.0
24218,Italy,ITA,2005,80.78292846679688,3015.059,58281209.0
24219,Italy,ITA,2006,81.28292846679688,3102.4452,58542619.0
24220,Italy,ITA,2007,81.43414306640625,3022.4024,58747862.0
24221,Italy,ITA,2008,81.48536682128906,3116.1245,58922116.0
24222,Italy,ITA,2009,81.63658905029297,3073.9197,59105622.0
24223,Italy,ITA,2010,82.03658294677734,3108.2039,59325232.0
24224,Italy,ITA,2011,82.18780517578125,3079.2887,59589070.0
24225,Italy,ITA,2012,82.23902130126953,2986.9155,59879469.0
24226,Italy,ITA,2013,82.69024658203125,2886.7033,60166828.0
24227,Italy,ITA,2014,83.09024047851562,2933.1558,60409622.0
24228,Italy,ITA,2015,82.54389953613281,2954.1373,60578489.0
24693,Japan,JPN,1970,71.95024108886719,623.3711,104929260.0
24694,Japan,JPN,1971,72.88292694091797,660.3299,106427102.0
24695,Japan,JPN,1972,73.50658416748047,722.6373,107976030.0
24696,Japan,JPN,1973,73.75756072998047,749.5743,109528514.0
24697,Japan,JPN,1974,74.39390563964844,802.0178,111022692.0
24698,Japan,JPN,1975,75.05731964111328,903.0019,112413362.0
24699,Japan,JPN,1976,75.45683288574219,929.4517,113679190.0
24700,Japan,JPN,1977,75.8982925415039,985.1609,114827826.0
24701,Japan,JPN,1978,76.03829193115234,1062.5623,115879222.0
24702,Japan,JPN,1979,76.33756256103516,1135.0667,116867356.0
24703,Japan,JPN,1980,76.09170532226562,1235.055,117816942.0
24704,Japan,JPN,1981,76.41439056396484,1291.5449,118732838.0
24705,Japan,JPN,1982,76.92292785644531,1358.6788,119605254.0
24706,Japan,JPN,1983,76.96146392822266,1412.5784,120427643.0
24707,Japan,JPN,1984,77.36536407470703,1422.3298,121189269.0
24708,Japan,JPN,1985,77.6504898071289,1517.8435,121883483.0
24709,Japan,JPN,1986,78.06463623046875,1541.7301,122509119.0
24710,Japan,JPN,1987,78.48365783691406,1599.8228,123072720.0
24711,Japan,JPN,1988,78.3992691040039,1630.6228,123584522.0
24712,Japan,JPN,1989,78.81804656982422,1643.1504,124058517.0
24713,Japan,JPN,1990,78.83683013916016,1682.9817,124505243.0
24714,Japan,JPN,1991,79.1007308959961,1744.4086,124929764.0
24715,Japan,JPN,1992,79.15390014648438,1830.072,125331300.0
24716,Japan,JPN,1993,79.29365539550781,1910.1008,125707407.0
24717,Japan,JPN,1994,79.68707275390625,2003.6661,126053127.0
24718,Japan,JPN,1995,79.53633880615234,1963.2829,126365486.0
24719,Japan,JPN,1996,80.20024108886719,1969.6699,126644099.0
24720,Japan,JPN,1997,80.42414855957031,2073.7872,126892745.0
24721,Japan,JPN,1998,80.50146484375,2114.316,127117436.0
24722,Japan,JPN,1999,80.57073211669922,2219.6448,127326063.0
24723,Japan,JPN,2000,81.07609558105469,2330.8806,127524168.0
24724,Japan,JPN,2001,81.41707611083984,2403.8792,127713824.0
24725,Japan,JPN,2002,81.56341552734375,2443.5713,127893075.0
24726,Japan,JPN,2003,81.76000213623047,2525.473,128058368.0
24727,Japan,JPN,2004,82.03024291992188,2602.057,128204183.0
24728,Japan,JPN,2005,81.92512512207031,2692.0869,128326115.0
24729,Japan,JPN,2006,82.32195281982422,2743.601,128422740.0
24730,Japan,JPN,2007,82.50707244873047,2821.3057,128494050.0
24731,Japan,JPN,2008,82.58756256103516,2906.937,128538644.0
24732,Japan,JPN,2009,82.93146514892578,3035.3095,128555196.0
24733,Japan,JPN,2010,82.84268188476562,3204.9489,128542349.0
24734,Japan,JPN,2011,82.59121704101562,3725.9524,128498966.0
24735,Japan,JPN,2012,83.09609985351562,3858.7176,128423571.0
24736,Japan,JPN,2013,83.33195495605469,3951.9544,128314189.0
24737,Japan,JPN,2014,83.58780670166016,3962.1753,128168630.0
24738,Japan,JPN,2015,83.79389953613281,3930.7353,127985139.0
26901,Latvia,LVA,1995,66.39122009277344,418.2962,2508476.0
26902,Latvia,LVA,1996,68.7765884399414,473.0512,2478832.0
26903,Latvia,LVA,1997,69.3492660522461,536.5739,2453310.0
26904,Latvia,LVA,1998,69.01219177246094,570.6879,2430546.0
26905,Latvia,LVA,1999,69.74292755126953,622.1972,2408088.0
26906,Latvia,LVA,2000,70.31463623046875,626.0707,2384150.0
26907,Latvia,LVA,2001,70.76097869873047,696.9402,2358689.0
26908,Latvia,LVA,2002,70.96097564697266,756.3974,2332528.0
26909,Latvia,LVA,2003,71.26585388183594,795.6183,2305845.0
26910,Latvia,LVA,2004,72.0268325805664,929.6818,2278922.0
26911,Latvia,LVA,2005,71.35609436035156,978.9398,2251996.0
26912,Latvia,LVA,2006,70.86585235595703,1082.8852,2225063.0
26913,Latvia,LVA,2007,71.01951599121094,1207.1463,2198089.0
26914,Latvia,LVA,2008,72.41950988769531,1146.5548,2171248.0
26915,Latvia,LVA,2009,73.08049011230469,1091.5743,2144784.0
26916,Latvia,LVA,2010,73.48292541503906,1071.4247,2118855.0
26917,Latvia,LVA,2011,73.57560729980469,1052.3074,2093606.0
26918,Latvia,LVA,2012,73.77804565429688,1078.4919,2069018.0
26919,Latvia,LVA,2013,73.98292541503906,1116.1671,2044950.0
26920,Latvia,LVA,2014,74.1243896484375,1173.3727,2021220.0
26921,Latvia,LVA,2015,74.48048400878906,1229.7855,1997675.0
28897,Luxembourg,LUX,1995,76.51219177246094,3316.7824,408145.0
28898,Luxembourg,LUX,1996,76.51951599121094,3373.0684,413999.0
28899,Luxembourg,LUX,1997,76.88048553466797,3489.2365,419979.0
28900,Luxembourg,LUX,1998,77.01707458496094,3712.8361,425828.0
28901,Luxembourg,LUX,1999,77.7707290649414,4052.5576,431263.0
28902,Luxembourg,LUX,2000,77.8731689453125,4607.0129,436106.0
28903,Luxembourg,LUX,2001,77.82438659667969,5120.9327,440197.0
28904,Luxembourg,LUX,2002,77.96585083007812,5534.7542,443727.0
28905,Luxembourg,LUX,2003,77.7268295288086,5733.3215,447317.0
28906,Luxembourg,LUX,2004,79.1219482421875,6206.8898,451822.0
28907,Luxembourg,LUX,2005,79.43170928955078,6192.6627,457848.0
28908,Luxembourg,LUX,2006,79.28780364990234,6020.6356,465611.0
28909,Luxembourg,LUX,2007,79.38292694091797,5982.6009,474917.0
28910,Luxembourg,LUX,2008,80.53902435302734,6130.7386,485403.0
28911,Luxembourg,LUX,2009,80.63658905029297,6451.6554,496536.0
28912,Luxembourg,LUX,2010,80.63170623779297,6401.8972,507890.0
28913,Luxembourg,LUX,2011,80.98780822753906,5628.0203,519312.0
28914,Luxembourg,LUX,2012,81.39268493652344,5811.1547,530855.0
28915,Luxembourg,LUX,2013,81.80000305175781,5787.4369,542554.0
28916,Luxembourg,LUX,2014,82.2292709350586,5777.4345,554512.0
28917,Luxembourg,LUX,2015,82.29268646240234,6758.7884,566741.0
31664,Mexico,MEX,1990,70.86599731445312,505.5678,83943135.0
31665,Mexico,MEX,1991,71.24800109863281,557.5118,85512621.0
31666,Mexico,MEX,1992,71.61000061035156,609.8756,87075136.0
31667,Mexico,MEX,1993,71.9530029296875,634.2963,88625440.0
31668,Mexico,MEX,1994,72.27899932861328,652.7527,90156396.0
31669,Mexico,MEX,1995,72.5979995727539,587.714,91663290.0
31670,Mexico,MEX,1996,72.92500305175781,553.3215,93147045.0
31671,Mexico,MEX,1997,73.26799774169922,598.4016,94611008.0
31672,Mexico,MEX,1998,73.625,631.4867,96056313.0
31673,Mexico,MEX,1999,73.98799896240234,662.6147,97484823.0
31674,Mexico,MEX,2000,74.33999633789062,689.5147,98899845.0
31675,Mexico,MEX,2001,74.65799713134766,736.5952,100298152.0
31676,Mexico,MEX,2002,74.9219970703125,754.4262,101684764.0
31677,Mexico,MEX,2003,75.11799621582031,830.7156,103081020.0
31678,Mexico,MEX,2004,75.24299621582031,870.4653,104514934.0
31679,Mexico,MEX,2005,75.30000305175781,868.577,106005199.0
31680,Mexico,MEX,2006,75.2959976196289,869.6953,107560155.0
31681,Mexico,MEX,2007,75.25499725341797,902.7412,109170503.0
31682,Mexico,MEX,2008,75.19400024414062,891.0721,110815272.0
31683,Mexico,MEX,2009,75.12799835205078,900.0231,112463886.0
31684,Mexico,MEX,2010,75.06500244140625,911.3509,114092961.0
31685,Mexico,MEX,2011,75.01100158691406,895.0437,115695468.0
31686,Mexico,MEX,2012,74.96600341796875,947.8146,117274156.0
31687,Mexico,MEX,2013,74.93000030517578,965.7668,118827158.0
31688,Mexico,MEX,2014,74.90799713134766,928.7826,120355137.0
31689,Mexico,MEX,2015,74.90399932861328,956.2196,121858251.0
34838,Netherlands,NLD,1972,73.7270736694336,1263.8102,13291876.0
34839,Netherlands,NLD,1973,74.14390563964844,1335.5067,13431187.0
34840,Netherlands,NLD,1974,74.53682708740234,1429.309,13562431.0
34841,Netherlands,NLD,1975,74.498779296875,1500.9013,13683287.0
34842,Netherlands,NLD,1976,74.6470718383789,1544.7651,13793110.0
34843,Netherlands,NLD,1977,75.22146606445312,1587.6873,13892920.0
34844,Netherlands,NLD,1978,75.1451187133789,1644.9819,13984050.0
34845,Netherlands,NLD,1979,75.60609436035156,1708.9465,14068597.0
34846,Netherlands,NLD,1980,75.74317169189453,1765.0192,14148410.0
34847,Netherlands,NLD,1981,75.93438720703125,1763.385,14223757.0
34848,Netherlands,NLD,1982,75.98853302001953,1792.5578,14295209.0
34849,Netherlands,NLD,1983,76.16414642333984,1822.6207,14365388.0
34850,Netherlands,NLD,1984,76.23316955566406,1796.0595,14437510.0
34851,Netherlands,NLD,1985,76.28463745117188,1830.735,14513947.0
34852,Netherlands,NLD,1986,76.2704849243164,1896.0149,14595749.0
34853,Netherlands,NLD,1987,76.70512390136719,1951.6413,14682662.0
34854,Netherlands,NLD,1988,76.89024353027344,1984.4914,14774031.0
34855,Netherlands,NLD,1989,76.73414611816406,2111.5755,14868659.0
34856,Netherlands,NLD,1990,76.8780517578125,2235.2966,14965442.0
34857,Netherlands,NLD,1991,77.0,2329.3287,15064522.0
34858,Netherlands,NLD,1992,77.21707153320312,2419.1975,15165856.0
34859,Netherlands,NLD,1993,76.91658782958984,2465.4183,15268005.0
34860,Netherlands,NLD,1994,77.3751220703125,2483.7328,15369121.0
34861,Netherlands,NLD,1995,77.40463256835938,2517.7319,15467852.0
34862,Netherlands,NLD,1996,77.43560791015625,2569.5265,15563252.0
34863,Netherlands,NLD,1997,77.79438781738281,2598.2123,15655482.0
34864,Netherlands,NLD,1998,77.88292694091797,2726.8316,15745650.0
34865,Netherlands,NLD,1999,77.83658599853516,2845.7887,15835525.0
34866,Netherlands,NLD,2000,77.98780822753906,2895.4987,15926188.0
34867,Netherlands,NLD,2001,78.19024658203125,3094.8154,16018112.0
34868,Netherlands,NLD,2002,78.29268646240234,3290.5559,16110355.0
34869,Netherlands,NLD,2003,78.49268341064453,3492.0137,16200948.0
34870,Netherlands,NLD,2004,79.09512329101562,3577.4411,16287183.0
34871,Netherlands,NLD,2005,79.34634399414062,4026.956,16367153.0
34872,Netherlands,NLD,2006,79.69756317138672,4114.4114,16440091.0
34873,Netherlands,NLD,2007,80.09756469726562,4261.8189,16506651.0
34874,Netherlands,NLD,2008,80.251220703125,4418.9235,16568105.0
34875,Netherlands,NLD,2009,80.54878234863281,4549.9608,16626379.0
34876,Netherlands,NLD,2010,80.70243835449219,4671.0098,16682927.0
34877,Netherlands,NLD,2011,81.20487976074219,4749.1091,16738190.0
34878,Netherlands,NLD,2012,81.1048812866211,4850.2599,16791850.0
34879,Netherlands,NLD,2013,81.30487823486328,4851.3257,16843512.0
34880,Netherlands,NLD,2014,81.70731353759766,4876.8411,16892517.0
34881,Netherlands,NLD,2015,81.50975799560547,4885.5541,16938492.0
35279,New Zealand,NZL,1970,71.2731704711914,964.0011,2818391.0
35280,New Zealand,NZL,1971,71.7731704711914,971.3469,2870817.0
35281,New Zealand,NZL,1972,71.82926940917969,1010.1016,2929687.0
35282,New Zealand,NZL,1973,71.66828918457031,1109.8231,2989412.0
35283,New Zealand,NZL,1974,71.92439270019531,1285.533,3042175.0
35284,New Zealand,NZL,1975,72.21951293945312,1353.0442,3082622.0
35285,New Zealand,NZL,1976,72.42195129394531,1251.9901,3108574.0
35286,New Zealand,NZL,1977,72.16828918457031,1253.1327,3122406.0
35287,New Zealand,NZL,1978,73.01951599121094,1342.602,3128958.0
35288,New Zealand,NZL,1979,73.06829071044922,1273.7866,3135301.0
35289,New Zealand,NZL,1980,72.82926940917969,1176.5672,3146610.0
35290,New Zealand,NZL,1981,73.6219482421875,1208.6914,3164823.0
35291,New Zealand,NZL,1982,73.7243881225586,1240.6746,3188537.0
35292,New Zealand,NZL,1983,73.7756118774414,1236.9665,3215732.0
35293,New Zealand,NZL,1984,74.37073516845703,1219.59,3243034.0
35294,New Zealand,NZL,1985,73.82926940917969,1132.5728,3268234.0
35295,New Zealand,NZL,1986,74.1219482421875,1183.0917,3290304.0
35296,New Zealand,NZL,1987,74.17804718017578,1246.6725,3310751.0
35297,New Zealand,NZL,1988,74.42439270019531,1392.8127,3332787.0
35298,New Zealand,NZL,1989,74.82438659667969,1427.2557,3360956.0
35299,New Zealand,NZL,1990,75.3780517578125,1511.9218,3398175.0
35300,New Zealand,NZL,1991,76.03170776367188,1535.9415,3446171.0
35301,New Zealand,NZL,1992,76.1243896484375,1566.8143,3503194.0
35302,New Zealand,NZL,1993,76.43414306640625,1581.1303,3564473.0
35303,New Zealand,NZL,1994,76.88292694091797,1643.8037,3623272.0
35304,New Zealand,NZL,1995,76.73414611816406,1698.1658,3674940.0
35305,New Zealand,NZL,1996,76.78780364990234,1712.736,3717352.0
35306,New Zealand,NZL,1997,77.33414459228516,1793.7497,3752355.0
35307,New Zealand,NZL,1998,78.08536529541016,1901.6718,3783976.0
35308,New Zealand,NZL,1999,77.89024353027344,1958.3694,3818128.0
35309,New Zealand,NZL,2000,78.63658905029297,2009.2265,3858992.0
35310,New Zealand,NZL,2001,78.69268035888672,2103.912,3907941.0
35311,New Zealand,NZL,2002,78.84634399414062,2264.4581,3963202.0
35312,New Zealand,NZL,2003,79.1463394165039,2268.0002,4022074.0
35313,New Zealand,NZL,2004,79.54878234863281,2360.5568,4080421.0
35314,New Zealand,NZL,2005,79.8512191772461,2525.4906,4135353.0
35315,New Zealand,NZL,2006,80.04878234863281,2670.6987,4185881.0
35316,New Zealand,NZL,2007,80.1512222290039,2645.6815,4233046.0
35317,New Zealand,NZL,2008,80.3512191772461,2837.608,4278156.0
35318,New Zealand,NZL,2009,80.70243835449219,3028.8743,4323338.0
35319,New Zealand,NZL,2010,80.70243835449219,3020.3961,4370060.0
35320,New Zealand,NZL,2011,80.90487670898438,3047.9186,4418674.0
35321,New Zealand,NZL,2012,81.15609741210938,3150.6606,4468462.0
35322,New Zealand,NZL,2013,81.40731811523438,3084.7375,4518519.0
35323,New Zealand,NZL,2014,81.40487670898438,3128.6987,4567522.0
35324,New Zealand,NZL,2015,81.45683288574219,3183.9663,4614527.0
37216,Norway,NOR,1970,74.08805084228516,846.9044,3876049.0
37217,Norway,NOR,1971,74.17926788330078,948.4623,3905274.0
37218,Norway,NOR,1972,74.34463500976562,1068.0202,3933726.0
37219,Norway,NOR,1973,74.44219207763672,1147.8994,3960805.0
37220,Norway,NOR,1974,74.753662109375,1184.7628,3985735.0
37221,Norway,NOR,1975,74.81755828857422,1312.8012,4008026.0
37222,Norway,NOR,1976,75.03951263427734,1397.1974,4027475.0
37223,Norway,NOR,1977,75.38682556152344,1499.7419,4044335.0
37224,Norway,NOR,1978,75.41853332519531,1699.6421,4059186.0
37225,Norway,NOR,1979,75.41390228271484,1651.6198,4072875.0
37226,Norway,NOR,1980,75.67170715332031,1737.859,4086070.0
37227,Norway,NOR,1981,75.86902618408203,1782.7722,4098974.0
37228,Norway,NOR,1982,76.01097869873047,1833.8316,4111649.0
37229,Norway,NOR,1983,76.06682586669922,1947.5575,4124587.0
37230,Norway,NOR,1984,76.2243881225586,1938.0624,4138265.0
37231,Norway,NOR,1985,75.91683197021484,2025.9757,4153111.0
37232,Norway,NOR,1986,76.24121856689453,2075.2096,4169318.0
37233,Norway,NOR,1987,76.08171081542969,2140.5139,4186971.0
37234,Norway,NOR,1988,76.22048950195312,2119.0708,4205959.0
37235,Norway,NOR,1989,76.50048828125,2112.6695,4226116.0
37236,Norway,NOR,1990,76.53731536865234,2519.8144,4247286.0
37237,Norway,NOR,1991,76.98072814941406,2660.3272,4269465.0
37238,Norway,NOR,1992,77.18438720703125,2737.9341,4292685.0
37239,Norway,NOR,1993,77.1517105102539,2761.3593,4316790.0
37240,Norway,NOR,1994,77.68975830078125,2800.1692,4341616.0
37241,Norway,NOR,1995,77.73658752441406,2863.3941,4366996.0
37242,Norway,NOR,1996,78.1504898071289,3034.7886,4393217.0
37243,Norway,NOR,1997,78.14268493652344,3426.2475,4420266.0
37244,Norway,NOR,1998,78.32926940917969,3639.4707,4447485.0
37245,Norway,NOR,1999,78.28292846679688,3826.0384,4474008.0
37246,Norway,NOR,2000,78.63414764404297,4003.9711,4499375.0
37247,Norway,NOR,2001,78.78536224365234,4139.3039,4523139.0
37248,Norway,NOR,2002,78.98780822753906,4504.0563,4546017.0
37249,Norway,NOR,2003,79.39024353027344,4633.588,4570096.0
37250,Norway,NOR,2004,79.84146118164062,4734.1539,4598210.0
37251,Norway,NOR,2005,80.04146575927734,4822.7491,4632359.0
37252,Norway,NOR,2006,80.34390258789062,4846.3557,4672986.0
37253,Norway,NOR,2007,80.3951187133789,4965.1445,4719403.0
37254,Norway,NOR,2008,80.59268188476562,5149.5973,4771014.0
37255,Norway,NOR,2009,80.79512023925781,5254.0755,4826847.0
37256,Norway,NOR,2010,80.99755859375,5240.4165,4885878.0
37257,Norway,NOR,2011,81.29512023925781,5387.9816,4948335.0
37258,Norway,NOR,2012,81.45121765136719,5499.0862,5013716.0
37259,Norway,NOR,2013,81.751220703125,5557.2025,5079460.0
37260,Norway,NOR,2014,82.0999984741211,5730.1556,5142269.0
37261,Norway,NOR,2015,82.30487823486328,5926.4438,5199827.0
40013,Poland,POL,1990,70.89024353027344,427.8173,37960193.0
40014,Poland,POL,1991,70.58780670166016,438.6615,38082940.0
40015,Poland,POL,1992,71.09024047851562,469.5296,38197588.0
40016,Poland,POL,1993,71.59512329101562,495.4858,38301349.0
40017,Poland,POL,1994,71.69512176513672,508.6694,38389469.0
40018,Poland,POL,1995,71.89268493652344,534.474,38458642.0
40019,Poland,POL,1996,72.246337890625,603.1162,38509672.0
40020,Poland,POL,1997,72.6463394165039,625.1421,38544838.0
40021,Poland,POL,1998,72.99755859375,643.9559,38564191.0
40022,Poland,POL,1999,73.04389953613281,732.2129,38567868.0
40023,Poland,POL,2000,73.748779296875,749.8991,38556699.0
40024,Poland,POL,2001,74.19999694824219,814.007,38529585.0
40025,Poland,POL,2002,74.49755859375,889.627,38488640.0
40026,Poland,POL,2003,74.59756469726562,904.2159,38441821.0
40027,Poland,POL,2004,74.84634399414062,942.0814,38399553.0
40028,Poland,POL,2005,74.99512481689453,965.1666,38368957.0
40029,Poland,POL,2006,75.14390563964844,1023.0938,38354447.0
40030,Poland,POL,2007,75.24390411376953,1107.0177,38353339.0
40031,Poland,POL,2008,75.54389953613281,1255.96,38356786.0
40032,Poland,POL,2009,75.69512176513672,1332.3118,38351924.0
40033,Poland,POL,2010,76.246337890625,1340.7184,38329784.0
40034,Poland,POL,2011,76.69512176513672,1366.5163,38286824.0
40035,Poland,POL,2012,76.746337890625,1380.6929,38227033.0
40036,Poland,POL,2013,77.0,1455.2589,38158043.0
40037,Poland,POL,2014,77.6024398803711,1499.4553,38091095.0
40038,Poland,POL,2015,77.45121765136719,1527.8929,38034076.0
40252,Portugal,PRT,1970,67.07317352294922,237.0312,8651334.0
40253,Portugal,PRT,1971,66.7707290649414,271.9299,8700000.0
40254,Portugal,PRT,1972,68.32438659667969,362.9296,8789110.0
40255,Portugal,PRT,1973,67.5243911743164,436.2657,8907928.0
40256,Portugal,PRT,1974,68.01951599121094,465.4141,9039977.0
40257,Portugal,PRT,1975,68.30975341796875,586.6569,9172240.0
40258,Portugal,PRT,1976,68.86097717285156,589.9406,9302297.0
40259,Portugal,PRT,1977,70.01219177246094,550.1092,9431036.0
40260,Portugal,PRT,1978,70.31707000732422,577.0041,9552609.0
40261,Portugal,PRT,1979,71.16828918457031,586.0709,9660749.0
40262,Portugal,PRT,1980,71.21463775634766,709.0758,9750966.0
40263,Portugal,PRT,1981,71.61463165283203,749.3987,9820868.0
40264,Portugal,PRT,1982,72.41463470458984,769.8922,9870822.0
40265,Portugal,PRT,1983,72.26585388183594,725.81,9902992.0
40266,Portugal,PRT,1984,72.51463317871094,727.9294,9921243.0
40267,Portugal,PRT,1985,72.81463623046875,809.3355,9929176.0
40268,Portugal,PRT,1986,73.26585388183594,930.6231,9926426.0
40269,Portugal,PRT,1987,73.66585540771484,962.9728,9914073.0
40270,Portugal,PRT,1988,73.71463775634766,1079.2977,9899198.0
40271,Portugal,PRT,1989,74.26585388183594,1060.3577,9890823.0
40272,Portugal,PRT,1990,73.96585083007812,1100.2537,9895358.0
40273,Portugal,PRT,1991,74.01463317871094,1260.1745,9916052.0
40274,Portugal,PRT,1992,74.31219482421875,1305.9827,9951305.0
40275,Portugal,PRT,1993,74.51219177246094,1332.6912,9996642.0
40276,Portugal,PRT,1994,74.91463470458984,1336.6224,10045032.0
40277,Portugal,PRT,1995,75.31219482421875,1555.9956,10091322.0
40278,Portugal,PRT,1996,75.26097869873047,1660.6355,10134016.0
40279,Portugal,PRT,1997,75.41219329833984,1717.3753,10174564.0
40280,Portugal,PRT,1998,75.71219635009766,1782.9635,10214046.0
40281,Portugal,PRT,1999,75.96341705322266,1901.5175,10254501.0
40282,Portugal,PRT,2000,76.31463623046875,2153.7887,10297117.0
40283,Portugal,PRT,2001,76.81463623046875,2187.8126,10341456.0
40284,Portugal,PRT,2002,77.06585693359375,2232.7837,10385993.0
40285,Portugal,PRT,2003,77.21951293945312,2292.0779,10429615.0
40286,Portugal,PRT,2004,77.67073059082031,2431.0609,10470926.0
40287,Portugal,PRT,2005,78.07073211669922,2481.444,10508494.0
40288,Portugal,PRT,2006,78.41950988769531,2436.1823,10542837.0
40289,Portugal,PRT,2007,78.32195281982422,2472.8037,10573150.0
40290,Portugal,PRT,2008,78.5243911743164,2552.405,10595312.0
40291,Portugal,PRT,2009,78.7268295288086,2613.2917,10604066.0
40292,Portugal,PRT,2010,79.0268325805664,2645.6631,10596055.0
40293,Portugal,PRT,2011,80.47073364257812,2524.7798,10569388.0
40294,Portugal,PRT,2012,80.3731689453125,2386.2305,10526308.0
40295,Portugal,PRT,2013,80.72195434570312,2306.5946,10473025.0
40296,Portugal,PRT,2014,81.1219482421875,2312.9412,10418224.0
40297,Portugal,PRT,2015,81.1243896484375,2319.3756,10368346.0
45479,Slovenia,SVN,1995,73.95853424072266,1302.0993,1991126.0
45480,Slovenia,SVN,1996,74.45853424072266,1382.4006,1988580.0
45481,Slovenia,SVN,1997,74.70731353759766,1476.5463,1987457.0
45482,Slovenia,SVN,1998,74.80731964111328,1537.2319,1987384.0
45483,Slovenia,SVN,1999,75.00975799560547,1615.3151,1987625.0
45484,Slovenia,SVN,2000,75.41219329833984,1775.6261,1987710.0
45485,Slovenia,SVN,2001,75.75853729248047,1891.9529,1987457.0
45486,Slovenia,SVN,2002,76.00731658935547,1864.5666,1987265.0
45487,Slovenia,SVN,2003,76.85853576660156,1936.9238,1987855.0
45488,Slovenia,SVN,2004,77.20731353759766,1981.1986,1990226.0
45489,Slovenia,SVN,2005,77.61219787597656,2066.8623,1994979.0
45490,Slovenia,SVN,2006,78.08658599853516,2132.2841,2002427.0
45491,Slovenia,SVN,2007,78.56097412109375,2178.1724,2012128.0
45492,Slovenia,SVN,2008,78.76585388183594,2352.881,2023049.0
45493,Slovenia,SVN,2009,78.97073364257812,2345.0101,2033807.0
45494,Slovenia,SVN,2010,79.42195129394531,2363.6692,2043336.0
45495,Slovenia,SVN,2011,79.97073364257812,2368.1191,2051277.0
45496,Slovenia,SVN,2012,80.1243896484375,2350.1776,2057826.0
45497,Slovenia,SVN,2013,80.32195281982422,2329.7555,2063120.0
45498,Slovenia,SVN,2014,81.07804870605469,2340.6884,2067487.0
45499,Slovenia,SVN,2015,80.7756118774414,2353.321,2071199.0
47288,Spain,ESP,1970,72.0273208618164,448.6712,33883749.0
47289,Spain,ESP,1971,71.63024139404297,529.0742,34267463.0
47290,Spain,ESP,1972,72.81804656982422,598.3453,34664234.0
47291,Spain,ESP,1973,72.61073303222656,625.202,35069433.0
47292,Spain,ESP,1974,72.96975708007812,712.0427,35476435.0
47293,Spain,ESP,1975,73.31877899169922,737.2338,35879210.0
47294,Spain,ESP,1976,73.64268493652344,838.3206,36276748.0
47295,Spain,ESP,1977,74.13195037841797,897.2817,36666770.0
47296,Spain,ESP,1978,74.29560852050781,904.8541,37040401.0
47297,Spain,ESP,1979,74.81877899169922,887.8727,37386810.0
47298,Spain,ESP,1980,75.3492660522461,913.767,37698200.0
47299,Spain,ESP,1981,75.52853393554688,930.2032,37971968.0
47300,Spain,ESP,1982,76.13414764404297,953.6557,38209686.0
47301,Spain,ESP,1983,75.90902709960938,994.0806,38413300.0
47302,Spain,ESP,1984,76.29536437988281,972.3343,38586704.0
47303,Spain,ESP,1985,76.25951385498047,969.0119,38733866.0
47304,Spain,ESP,1986,76.51049041748047,989.7395,38855631.0
47305,Spain,ESP,1987,76.7280502319336,1056.5485,38954490.0
47306,Spain,ESP,1988,76.7470703125,1232.2096,39038686.0
47307,Spain,ESP,1989,76.81365966796875,1317.4873,39118555.0
47308,Spain,ESP,1990,76.83756256103516,1444.19,39202524.0
47309,Spain,ESP,1991,76.97122192382812,1522.8289,39299081.0
47310,Spain,ESP,1992,77.41000366210938,1623.3291,39410852.0
47311,Spain,ESP,1993,77.54658508300781,1674.5823,39533726.0
47312,Spain,ESP,1994,77.9014663696289,1691.7669,39660079.0
47313,Spain,ESP,1995,77.98072814941406,1773.4063,39787413.0
47314,Spain,ESP,1996,78.12049102783203,1822.1491,39908962.0
47315,Spain,ESP,1997,78.6041488647461,1853.2472,40035286.0
47316,Spain,ESP,1998,78.66585540771484,1916.3749,40201561.0
47317,Spain,ESP,1999,78.71707153320312,1993.7851,40454472.0
47318,Spain,ESP,2000,78.96585083007812,2049.5785,40824745.0
47319,Spain,ESP,2001,79.36829376220703,2095.6373,41319431.0
47320,Spain,ESP,2002,79.56829071044922,2127.0201,41919593.0
47321,Spain,ESP,2003,79.61951446533203,2385.9139,42596455.0
47322,Spain,ESP,2004,79.87073516845703,2447.9456,43308345.0
47323,Spain,ESP,2005,80.17073059082031,2515.3131,44019118.0
47324,Spain,ESP,2006,80.82195281982422,2602.8273,44728561.0
47325,Spain,ESP,2007,80.8731689453125,2679.2603,45429071.0
47326,Spain,ESP,2008,81.17561340332031,2820.1949,46068811.0
47327,Spain,ESP,2009,81.4756088256836,2919.5785,46583566.0
47328,Spain,ESP,2010,81.6268310546875,2917.9495,46931011.0
47329,Spain,ESP,2011,82.4756088256836,2902.7335,47084242.0
47330,Spain,ESP,2012,82.42682647705078,2824.2009,47063059.0
47331,Spain,ESP,2013,83.07804870605469,2755.9181,46930554.0
47332,Spain,ESP,2014,83.2292709350586,2830.0676,46777927.0
47333,Spain,ESP,2015,82.83171081542969,2896.8668,46671919.0
48438,Sweden,SWE,1970,74.6492691040039,1168.3438,8054909.0
48439,Sweden,SWE,1971,74.6239013671875,1264.5827,8095798.0
48440,Sweden,SWE,1972,74.71804809570312,1311.8471,8127045.0
48441,Sweden,SWE,1973,74.86731719970703,1355.4941,8151598.0
48442,Sweden,SWE,1974,74.98048400878906,1450.5871,8173961.0
48443,Sweden,SWE,1975,74.98463439941406,1549.189,8197341.0
48444,Sweden,SWE,1976,74.96926879882812,1627.8297,8223246.0
48445,Sweden,SWE,1977,75.37975311279297,1773.2115,8250691.0
48446,Sweden,SWE,1978,75.46902465820312,1810.4277,8277422.0
48447,Sweden,SWE,1979,75.5241470336914,1848.868,8299995.0
48448,Sweden,SWE,1980,75.74097442626953,1953.5603,8316331.0
48449,Sweden,SWE,1981,76.0261001586914,1986.0949,8325493.0
48450,Sweden,SWE,1982,76.32731628417969,2031.7116,8329428.0
48451,Sweden,SWE,1983,76.55170440673828,2046.4383,8332441.0
48452,Sweden,SWE,1984,76.81585693359375,2079.5479,8340443.0
48453,Sweden,SWE,1985,76.66780853271484,2013.3008,8357650.0
48454,Sweden,SWE,1986,76.93122100830078,1997.8438,8384986.0
48455,Sweden,SWE,1987,77.09219360351562,2080.6575,8421056.0
48456,Sweden,SWE,1988,76.9792709350586,2099.4967,8464790.0
48457,Sweden,SWE,1989,77.7268295288086,2158.6983,8514204.0
48458,Sweden,SWE,1990,77.53682708740234,2182.6409,8567375.0
48459,Sweden,SWE,1991,77.66683197021484,2139.2097,8625140.0
48460,Sweden,SWE,1992,77.998779296875,2184.6582,8686735.0
48461,Sweden,SWE,1993,78.06048583984375,2195.9112,8746770.0
48462,Sweden,SWE,1994,78.6502456665039,2154.1985,8798235.0
48463,Sweden,SWE,1995,78.74048614501953,2203.4506,8836421.0
48464,Sweden,SWE,1996,78.95902252197266,2295.8033,8859180.0
48465,Sweden,SWE,1997,79.19756317138672,2304.9606,8868857.0
48466,Sweden,SWE,1998,79.33902740478516,2428.7845,8870854.0
48467,Sweden,SWE,1999,79.44145965576172,2541.0711,8873105.0
48468,Sweden,SWE,2000,79.64390563964844,2656.362,8881642.0
48469,Sweden,SWE,2001,79.79512023925781,2916.3359,8897802.0
48470,Sweden,SWE,2002,79.84634399414062,3088.2543,8920703.0
48471,Sweden,SWE,2003,80.09512329101562,3188.528,8951439.0
48472,Sweden,SWE,2004,80.49755859375,3233.9575,8990653.0
48473,Sweden,SWE,2005,80.54634094238281,3318.2521,9038627.0
48474,Sweden,SWE,2006,80.748779296875,3405.7841,9096170.0
48475,Sweden,SWE,2007,80.9000015258789,3458.3971,9162941.0
48476,Sweden,SWE,2008,81.0999984741211,3513.5332,9236433.0
48477,Sweden,SWE,2009,81.3512191772461,3553.986,9313085.0
48478,Sweden,SWE,2010,81.45121765136719,3543.5822,9390157.0
48479,Sweden,SWE,2011,81.80243682861328,4543.4803,9466705.0
48480,Sweden,SWE,2012,81.70487976074219,4606.2456,9542817.0
48481,Sweden,SWE,2013,81.95610046386719,4693.0745,9618016.0
48482,Sweden,SWE,2014,82.253662109375,4786.5334,9692137.0
48483,Sweden,SWE,2015,82.20487976074219,4906.8583,9764949.0
48697,Switzerland,CHE,1970,73.0202407836914,1672.2598,6150848.0
48698,Switzerland,CHE,1971,73.13072967529297,1808.617,6202951.0
48699,Switzerland,CHE,1972,73.64439392089844,1840.0689,6251286.0
48700,Switzerland,CHE,1973,73.94097900390625,1909.8974,6292538.0
48701,Switzerland,CHE,1974,74.28707122802734,2058.5251,6322006.0
48702,Switzerland,CHE,1975,74.66561126708984,2175.9491,6337031.0
48703,Switzerland,CHE,1976,74.78536224365234,2233.4705,6335977.0
48704,Switzerland,CHE,1977,75.23805236816406,2293.6911,6321816.0
48705,Switzerland,CHE,1978,75.18731689453125,2306.4702,6302042.0
48706,Switzerland,CHE,1979,75.46609497070312,2392.3016,6286910.0
48707,Switzerland,CHE,1980,75.45926666259766,2505.0154,6283833.0
48708,Switzerland,CHE,1981,75.69316864013672,2554.0175,6295921.0
48709,Switzerland,CHE,1982,76.03390502929688,2557.1418,6321409.0
48710,Switzerland,CHE,1983,76.03121948242188,2699.0504,6356743.0
48711,Switzerland,CHE,1984,76.60853576660156,2677.8657,6396144.0
48712,Switzerland,CHE,1985,76.73365783691406,2765.2105,6435424.0
48713,Switzerland,CHE,1986,76.8990249633789,2871.506,6473047.0
48714,Switzerland,CHE,1987,77.19756317138672,2981.6448,6510593.0
48715,Switzerland,CHE,1988,77.2265853881836,3076.9371,6550730.0
48716,Switzerland,CHE,1989,77.42121887207031,3194.6702,6597360.0
48717,Switzerland,CHE,1990,77.24243927001953,3251.551,6652873.0
48718,Switzerland,CHE,1991,77.51463317871094,3442.2275,6718818.0
48719,Switzerland,CHE,1992,77.80609893798828,3561.0551,6792906.0
48720,Switzerland,CHE,1993,78.08536529541016,3556.6773,6868937.0
48721,Switzerland,CHE,1994,78.3499984741211,3604.8755,6938407.0
48722,Switzerland,CHE,1995,78.41707611083984,3752.1866,6995519.0
48723,Switzerland,CHE,1996,78.8960952758789,3906.0381,7038027.0
48724,Switzerland,CHE,1997,79.07951354980469,3982.1448,7068503.0
48725,Switzerland,CHE,1998,79.32438659667969,4142.3256,7091775.0
48726,Switzerland,CHE,1999,79.58049011230469,4248.5318,7115031.0
48727,Switzerland,CHE,2000,79.68048858642578,4344.558,7143764.0
48728,Switzerland,CHE,2001,80.18048858642578,4545.3768,7179174.0
48729,Switzerland,CHE,2002,80.38536834716797,4706.3575,7220378.0
48730,Switzerland,CHE,2003,80.53658294677734,4811.0269,7268363.0
48731,Switzerland,CHE,2004,81.08780670166016,4928.0873,7323728.0
48732,Switzerland,CHE,2005,81.23658752441406,4964.2494,7386818.0
48733,Switzerland,CHE,2006,81.49024200439453,4906.6836,7457961.0
48734,Switzerland,CHE,2007,81.74146270751953,4975.4899,7536986.0
48735,Switzerland,CHE,2008,81.99268341064453,5100.4791,7622826.0
48736,Switzerland,CHE,2009,82.04389953613281,5236.1522,7713902.0
48737,Switzerland,CHE,2010,82.246337890625,5371.4504,7808674.0
48738,Switzerland,CHE,2011,82.69512176513672,5485.8134,7906988.0
48739,Switzerland,CHE,2012,82.69756317138672,5687.2677,8008006.0
48740,Switzerland,CHE,2013,82.79756164550781,5818.7818,8108876.0
48741,Switzerland,CHE,2014,83.19756317138672,5971.8173,8206003.0
48742,Switzerland,CHE,2015,82.8975601196289,6062.2568,8296775.0
51596,Turkey,TUR,1975,55.387001037597656,165.0731,39277249.0
51597,Turkey,TUR,1976,56.04600143432617,140.9377,40189561.0
51598,Turkey,TUR,1977,56.70899963378906,167.3497,41108290.0
51599,Turkey,TUR,1978,57.369998931884766,185.7754,42039983.0
51600,Turkey,TUR,1979,58.02299880981445,185.7688,42994043.0
51601,Turkey,TUR,1980,58.66699981689453,182.3208,43975972.0
51602,Turkey,TUR,1981,59.297000885009766,203.7051,44988411.0
51603,Turkey,TUR,1982,59.915000915527344,171.7645,46025411.0
51604,Turkey,TUR,1983,60.52000045776367,179.843,47073470.0
51605,Turkey,TUR,1984,61.11100006103516,180.2676,48114158.0
51606,Turkey,TUR,1985,61.68199920654297,129.4716,49133928.0
51607,Turkey,TUR,1986,62.23099899291992,167.0179,50128548.0
51608,Turkey,TUR,1987,62.757999420166016,184.8806,51100930.0
51609,Turkey,TUR,1988,63.26599884033203,201.9671,52053764.0
51610,Turkey,TUR,1989,63.76300048828125,216.9416,52992479.0
51611,Turkey,TUR,1990,64.25599670410156,249.5391,53921758.0
51612,Turkey,TUR,1991,64.75700378417969,280.5111,54840595.0
51613,Turkey,TUR,1992,65.2750015258789,287.4862,55748946.0
51614,Turkey,TUR,1993,65.81500244140625,298.9687,56653808.0
51615,Turkey,TUR,1994,66.37699890136719,270.0727,57564209.0
51616,Turkey,TUR,1995,66.96299743652344,265.1805,58486453.0
51617,Turkey,TUR,1996,67.56999969482422,322.5513,59423278.0
51618,Turkey,TUR,1997,68.18900299072266,367.7261,60372571.0
51619,Turkey,TUR,1998,68.80699920654297,427.0581,61329665.0
51620,Turkey,TUR,1999,69.41699981689453,516.4664,62287391.0
51621,Turkey,TUR,2000,70.00499725341797,575.1512,63240196.0
51622,Turkey,TUR,2001,70.55999755859375,582.2162,64192243.0
51623,Turkey,TUR,2002,71.0780029296875,634.4325,65145357.0
51624,Turkey,TUR,2003,71.55899810791016,656.849,66089402.0
51625,Turkey,TUR,2004,72.00399780273438,697.9255,67010929.0
51626,Turkey,TUR,2005,72.42400360107422,748.9754,67903461.0
51627,Turkey,TUR,2006,72.83000183105469,832.1519,68756809.0
51628,Turkey,TUR,2007,73.23500061035156,878.5876,69581854.0
51629,Turkey,TUR,2008,73.64900207519531,871.6667,70418612.0
51630,Turkey,TUR,2009,74.0739974975586,862.9134,71321406.0
51631,Turkey,TUR,2010,74.50700378417969,852.6704,72326992.0
51632,Turkey,TUR,2011,74.94400024414062,862.9516,73443254.0
51633,Turkey,TUR,2012,75.37300109863281,856.9456,74651046.0
51634,Turkey,TUR,2013,75.78399658203125,903.5676,75925454.0
51635,Turkey,TUR,2014,76.1719970703125,917.6357,77229262.0
51636,Turkey,TUR,2015,76.53199768066406,974.8436,78529413.0
53214,United Kingdom,GBR,1970,71.9731674194336,656.0517,55573455.0
53215,United Kingdom,GBR,1971,72.2731704711914,684.045,55748534.0
53216,United Kingdom,GBR,1972,72.1243896484375,723.019,55892412.0
53217,United Kingdom,GBR,1973,72.32438659667969,755.9272,56006290.0
53218,United Kingdom,GBR,1974,72.5243911743164,851.4209,56092059.0
53219,United Kingdom,GBR,1975,72.7243881225586,889.9373,56152325.0
53220,United Kingdom,GBR,1976,72.7756118774414,920.0744,56188348.0
53221,United Kingdom,GBR,1977,73.2243881225586,924.6097,56203598.0
53222,United Kingdom,GBR,1978,73.17561340332031,953.2253,56205910.0
53223,United Kingdom,GBR,1979,73.2756118774414,975.3974,56205087.0
53224,United Kingdom,GBR,1980,73.67561340332031,1018.0133,56209164.0
53225,United Kingdom,GBR,1981,74.0268325805664,1053.2004,56220739.0
53226,United Kingdom,GBR,1982,74.17804718017578,1042.4711,56241408.0
53227,United Kingdom,GBR,1983,74.3780517578125,1128.0444,56276791.0
53228,United Kingdom,GBR,1984,74.77804565429688,1133.5529,56332902.0
53229,United Kingdom,GBR,1985,74.62926483154297,1155.5843,56413555.0
53230,United Kingdom,GBR,1986,74.92926788330078,1185.9615,56522505.0
53231,United Kingdom,GBR,1987,75.28048706054688,1262.1952,56658260.0
53232,United Kingdom,GBR,1988,75.38048553466797,1310.9193,56812754.0
53233,United Kingdom,GBR,1989,75.58292388916016,1326.9804,56974289.0
53234,United Kingdom,GBR,1990,75.88048553466797,1344.0919,57134377.0
53235,United Kingdom,GBR,1991,76.08292388916016,1426.0631,57290792.0
53236,United Kingdom,GBR,1992,76.43414306640625,1545.4584,57446041.0
53237,United Kingdom,GBR,1993,76.38536834716797,1600.5217,57602279.0
53238,United Kingdom,GBR,1994,76.88536834716797,1681.6816,57763382.0
53239,United Kingdom,GBR,1995,76.83658599853516,1709.2018,57932450.0
53240,United Kingdom,GBR,1996,77.08780670166016,1745.8191,58113554.0
53241,United Kingdom,GBR,1997,77.21097564697266,1748.6616,58307320.0
53242,United Kingdom,GBR,1998,77.19024658203125,1837.6474,58509972.0
53243,United Kingdom,GBR,1999,77.39024353027344,1965.5434,58715859.0
53244,United Kingdom,GBR,2000,77.74146270751953,2044.202,58923305.0
53245,United Kingdom,GBR,2001,77.99268341064453,2204.104,59124277.0
53246,United Kingdom,GBR,2002,78.14390563964844,2335.376,59326294.0
53247,United Kingdom,GBR,2003,78.44634246826172,2487.615,59561429.0
53248,United Kingdom,GBR,2004,78.746337890625,2606.135,59872760.0
53249,United Kingdom,GBR,2005,79.04878234863281,2712.273,60287953.0
53250,United Kingdom,GBR,2006,79.248779296875,2812.727,60821349.0
53251,United Kingdom,GBR,2007,79.44878387451172,2894.783,61455154.0
53252,United Kingdom,GBR,2008,79.5999984741211,2945.846,62145098.0
53253,United Kingdom,GBR,2009,80.05121612548828,3085.415,62828620.0
53254,United Kingdom,GBR,2010,80.40243530273438,3036.12,63459801.0
53255,United Kingdom,GBR,2011,80.95121765136719,3063.044,64021922.0
53256,United Kingdom,GBR,2012,80.90487670898438,3099.058,64525300.0
53257,United Kingdom,GBR,2013,81.00487518310547,3673.108,64984015.0
53258,United Kingdom,GBR,2014,81.30487823486328,3731.278,65423048.0
53259,United Kingdom,GBR,2015,80.95610046386719,3755.9433,65860149.0
53474,United States,USA,1970,70.80731964111328,1452.5874,209513340.0
53475,United States,USA,1971,71.10731506347656,1513.5113,211384079.0
53476,United States,USA,1972,71.15609741210938,1609.232,213269805.0
53477,United States,USA,1973,71.35609436035156,1688.367,215178797.0
53478,United States,USA,1974,71.95610046386719,1746.0535,217114898.0
53479,United States,USA,1975,72.6048812866211,1809.8533,219081250.0
53480,United States,USA,1976,72.85609436035156,1954.6698,221086427.0
53481,United States,USA,1977,73.25609588623047,2092.2439,223135659.0
53482,United States,USA,1978,73.35609436035156,2177.4709,225223307.0
53483,United States,USA,1979,73.80487823486328,2260.2595,227339321.0
53484,United States,USA,1980,73.60975646972656,2363.7486,229476360.0
53485,United States,USA,1981,74.00975799560547,2485.7482,231636065.0
53486,United States,USA,1982,74.36097717285156,2611.8782,233821851.0
53487,United States,USA,1983,74.46341705322266,2743.7236,236030236.0
53488,United States,USA,1984,74.56341552734375,2902.8663,238256849.0
53489,United States,USA,1985,74.56341552734375,3068.3808,240499822.0
53490,United States,USA,1986,74.61463165283203,3202.9039,242763137.0
53491,United States,USA,1987,74.76585388183594,3364.5363,245052780.0
53492,United States,USA,1988,74.76585388183594,3610.2574,247372258.0
53493,United States,USA,1989,75.01707458496094,3835.6971,249725809.0
53494,United States,USA,1990,75.21463775634766,4093.4464,252120309.0
53495,United States,USA,1991,75.36585235595703,4277.884,254539371.0
53496,United States,USA,1992,75.61707305908203,4466.39,256990608.0
53497,United States,USA,1993,75.41950988769531,4623.3645,259532130.0
53498,United States,USA,1994,75.61951446533203,4721.7997,262241204.0
53499,United States,USA,1995,75.6219482421875,4835.5526,265163740.0
53500,United States,USA,1996,76.0268325805664,4945.7865,268335007.0
53501,United States,USA,1997,76.42926788330078,5068.7317,271713634.0
53502,United States,USA,1998,76.58049011230469,5243.21,275175309.0
53503,United States,USA,1999,76.58292388916016,5425.5428,278548148.0
53504,United States,USA,2000,76.63658905029297,5635.34,281710914.0
53505,United States,USA,2001,76.83658599853516,5934.7847,284607992.0
53506,United States,USA,2002,76.93658447265625,6341.6322,287279312.0
53507,United States,USA,2003,77.03658294677734,6695.7248,289815567.0
53508,United States,USA,2004,77.48780822753906,6924.3707,292354663.0
53509,United States,USA,2005,77.48780822753906,7092.7348,294993509.0
53510,United States,USA,2006,77.68780517578125,7269.6777,297758977.0
53511,United States,USA,2007,77.98780822753906,7449.0334,300608425.0
53512,United States,USA,2008,78.03902435302734,7561.5873,303486022.0
53513,United States,USA,2009,78.39024353027344,7778.6191,306307565.0
53514,United States,USA,2010,78.54146575927734,7929.372,309011469.0
53515,United States,USA,2011,78.64146423339844,8005.7887,311584051.0
53516,United States,USA,2012,78.74146270751953,8103.3367,314043885.0
53517,United States,USA,2013,78.74146270751953,8157.4229,316400539.0
53518,United States,USA,2014,78.84146118164062,8404.4305,318673422.0
53519,United States,USA,2015,78.69024658203125,8714.8975,320878312.0
